City,County,Employees,FTemployees,MedianPayK,MedianPayBenesK,TotalCompM,CompCostPerResidentK,MedianPrivatePayK,medianHomeK,medianMortgageK,medianNonMortK,medianRentK,retailK,medianIncomeK,perCapIncomeK,popdensityK,populationK,black,indian,asian,islander,mixed,latino,white,blackLatInd,foreign,homeownerRate,nonenglish,hsgrad,bachelors,noninsured,povertyRate,householdSize,commuteTime
Adelanto,San Bernardino,70,30,51.712,55.093,2.502384,0.077,32.5,129.9,1.165,0.365,1.034,2.587,29.647,10.23,0.5961614,33.391,0.182,0.003,0.015,0.001,0.053,0.595,0.151,0.78,0.215,0.47,0.481,0.647,0.061,0.14,0.422,3.81,41
Agoura Hills,Los Angeles,109,0,NA,NA,1.162176,0.056,85.32,699.2,2.825,0.818,1.998,18.132,114.313,53.706,2.663029525,20.745,0.015,0,0.064,0,0.03,0.126,0.765,0.141,0.176,0.758,0.198,0.948,0.537,0.044,0.061,2.8,29.7
Alameda,Alameda,923,502,104.159,141.926,81.28459,1.05,70.254,677,2.76,0.661,1.478,6.507,83.048,45.59,7.436946277,78.906,0.075,0.003,0.303,0.007,0.075,0.116,0.422,0.194,0.266,0.468,0.339,0.909,0.503,0.084,0.095,2.48,32
Alhambra,Los Angeles,637,309,86.12,116.731,48.810631,0.575,38.366,518.8,2.171,0.488,1.235,19.409,53.138,25.913,11.20235911,85.474,0.018,0.004,0.497,0.002,0.029,0.361,0.089,0.383,0.498,0.404,0.734,0.812,0.33,0.151,0.154,2.89,30.3
Aliso Viejo,Orange,30,15,90.539,113.334,2.595232,0.051,80.758,539,2.666,0.744,1.933,10.109,103.261,46.026,6.884069612,51.424,0.021,0.005,0.156,0,0.064,0.159,0.596,0.185,0.214,0.599,0.283,0.968,0.575,0.061,0.048,2.68,26
American Canyon,Napa,171,67,74.634,88.027,7.672001,0.377,50.961,374.2,2.361,0.503,1.616,10.814,83.673,30.596,4.225619835,20.452,0.077,0.005,0.343,0.004,0.065,0.265,0.24,0.347,0.335,0.765,0.478,0.839,0.292,0.07,0.097,3.57,33.4
Anaheim,Orange,3488,1768,107.182,144.275,318.768103,0.919,37.776,457.6,2.276,0.518,1.402,10.948,61.826,24.996,7.043398876,351.043,0.022,0.004,0.157,0.005,0.03,0.527,0.255,0.553,0.369,0.453,0.618,0.76,0.248,0.191,0.162,3.42,28.4
Anderson,Shasta,77,53,57.252,79.927,4.904477,0.482,31.414,158,1.146,0.335,0.803,20.227,35.216,17.993,1.606279435,10.232,0.005,0.023,0.023,0.001,0.053,0.137,0.758,0.165,0.034,0.503,0.081,0.872,0.073,0.157,0.217,2.5,17.8
Antioch,Contra Costa,545,231,104.965,150.746,43.150595,0.397,47.998,291.4,1.992,0.456,1.439,8.902,65.53,26.385,3.911746032,110.898,0.188,0.01,0.097,0.009,0.085,0.312,0.299,0.51,0.219,0.608,0.342,0.87,0.214,0.102,0.143,3.18,45.2
Apple Valley,San Bernardino,262,82,65.712,90.021,10.755432,0.15,41.418,194.1,1.432,0.475,0.955,8.46,47.433,23.648,0.991296625,72.553,0.08,0.011,0.03,0,0.045,0.328,0.507,0.419,0.09,0.64,0.18,0.85,0.165,0.11,0.198,3.02,31.5
Arcadia,Los Angeles,462,264,100.18,145.065,43.952544,0.761,57.356,920.7,3.151,0.734,1.46,14.963,83.958,40.012,5.354345837,58.523,0.018,0.002,0.588,0.003,0.036,0.12,0.233,0.14,0.479,0.594,0.623,0.919,0.52,0.091,0.095,2.97,31.1
Arcata,Humboldt,323,102,54.881,78.765,10.906594,0.613,40.577,322.7,1.464,0.424,0.887,9.565,31.18,20.245,1.975164835,17.974,0.025,0.022,0.021,0.002,0.066,0.164,0.7,0.211,0.039,0.347,0.152,0.935,0.494,0.15,0.401,2.25,17.3
Arroyo Grande,San Luis Obispo,141,65,72.026,92.858,8.447616,0.473,50.75,472.4,2.131,0.493,1.126,17.978,64.261,35.275,3.09880137,18.097,0.008,0.007,0.071,0,0.032,0.153,0.73,0.168,0.109,0.691,0.152,0.932,0.369,0.083,0.065,2.46,21.3
Artesia,Los Angeles,47,28,54.143,69.584,2.339193,0.139,39.828,419.5,2.036,0.355,1.396,12.335,58.651,22.47,10.41604938,16.874,0.024,0.002,0.367,0.002,0.036,0.372,0.196,0.398,0.481,0.515,0.668,0.785,0.267,0.171,0.136,3.5,27.4
Arvin,Kern,64,40,72.202,84.86,4.215425,0.205,20.408,116.9,1.082,0.33,0.814,2.389,36.524,10.685,4.374688797,21.086,0.014,0,0.001,0.005,0.017,0.905,0.059,0.919,0.424,0.459,0.882,0.355,0.022,0.232,0.284,4.39,28.4
Atascadero,San Luis Obispo,220,109,79.258,101.569,13.231107,0.448,49.176,397.4,2.022,0.486,1.216,10.36,69.587,33.655,1.182917317,30.33,0.012,0.003,0.022,0.002,0.03,0.166,0.766,0.181,0.061,0.608,0.116,0.933,0.316,0.099,0.092,2.59,22.7
Atherton,San Mateo,47,34,133.758,168.648,6.0824,0.853,208.917,NA,NA,NA,3.095,12.878,NA,146.572,1.435657371,7.207,0.004,0.004,0.144,0.001,0.05,0.051,0.747,0.059,0.185,0.929,0.184,0.974,0.796,0.014,0.045,2.84,24.6
Atwater,Merced,175,48,71.912,94.188,7.155843,0.247,31.582,160.2,1.308,0.392,0.897,8.958,45.8,18.417,4.806239737,29.27,0.03,0.008,0.051,0,0.041,0.542,0.327,0.58,0.219,0.508,0.476,0.725,0.137,0.135,0.234,3.22,24.9
Auburn,Placer,107,60,80.974,120.078,9.254357,0.667,37.163,371,1.966,0.549,1.066,20.794,54.227,36.613,1.955602241,13.963,0.005,0.004,0.021,0,0.064,0.088,0.817,0.097,0.066,0.552,0.103,0.923,0.342,0.095,0.129,2.2,24.3
Avenal,Kings,60,42,64.881,81.853,4.255377,0.313,28.267,120.4,1.058,0.336,0.726,1.636,35.103,7.992,0.641915551,12.466,0.065,0.013,0.013,0.001,0.029,0.764,0.115,0.842,0.339,0.424,0.682,0.481,0.027,0.196,0.328,4.22,33.1
Azusa,Los Angeles,422,219,100.943,116.057,32.851709,0.677,34.764,342,1.923,0.407,1.274,9.93,56.569,19.432,5.13747412,49.628,0.028,0.005,0.105,0.002,0.037,0.62,0.203,0.653,0.293,0.531,0.561,0.787,0.198,0.159,0.162,3.49,28
Bakersfield,Kern,1846,1333,72.299,104.49,167.636501,0.456,40.366,214.6,1.585,0.459,1.005,14.679,58.669,24.392,2.647580191,376.38,0.076,0.013,0.07,0.002,0.035,0.469,0.336,0.558,0.19,0.568,0.41,0.796,0.213,0.131,0.197,3.2,22.6
Baldwin Park,Los Angeles,400,153,71.993,100.099,20.164655,0.263,31.153,333.5,1.748,0.381,1.277,7.005,53.651,16.44,11.53303167,76.464,0.02,0.011,0.172,0.003,0.02,0.737,0.038,0.768,0.443,0.571,0.824,0.647,0.118,0.212,0.161,4.32,30.4
Banning,Riverside,226,130,72.867,101.274,16.598814,0.541,31.058,177,1.238,0.483,0.968,5.83,40.627,19.529,1.343116883,31.026,0.082,0.03,0.046,0.001,0.032,0.423,0.386,0.535,0.169,0.648,0.319,0.792,0.153,0.19,0.232,2.69,25.5
Barstow,San Bernardino,217,117,96.945,111.126,17.536056,0.748,34.978,96,1.077,0.356,0.714,29.182,37.085,16.897,0.5760029,23.835,0.143,0.017,0.031,0.02,0.064,0.436,0.289,0.596,0.096,0.451,0.267,0.773,0.117,0.112,0.367,3.11,23
Beaumont,Riverside,164,105,71.955,84.406,10.972459,0.26,45.422,250.5,1.924,0.557,1.205,8.841,68.369,26.066,1.467130379,45.349,0.051,0.008,0.08,0.002,0.055,0.407,0.398,0.466,0.178,0.735,0.324,0.867,0.245,0.105,0.113,3.29,32.3
Bell,Los Angeles,191,64,79.87,107.63,8.215471,0.228,27.709,322.9,1.784,0.457,1.023,3.588,38.823,12.972,14.3456,35.864,0.015,0.004,0.01,0.003,0.012,0.912,0.044,0.931,0.419,0.283,0.895,0.493,0.069,0.257,0.253,3.96,30.7
Bellflower,Los Angeles,239,77,68.068,86.368,10.067641,0.129,37.081,367.3,1.989,0.411,1.195,7.13,50.704,21.527,12.71078431,77.79,0.132,0.005,0.126,0.001,0.041,0.537,0.159,0.674,0.309,0.388,0.548,0.779,0.177,0.169,0.17,3.31,29.2
Bell Gardens,Los Angeles,280,120,76.037,107.236,17.352528,0.405,23.797,318.7,1.671,0.366,1.142,7.513,37.183,11.544,17.40081301,42.806,0.009,0.003,0.008,0,0.01,0.94,0.031,0.952,0.431,0.21,0.906,0.448,0.051,0.273,0.294,4.42,28.7
Belmont,San Mateo,195,106,105.375,129.147,18.19101,0.675,105.732,1074.6,3.555,0.699,1.784,11.035,120.169,61.617,5.861688312,27.081,0.012,0.001,0.246,0.003,0.059,0.127,0.552,0.14,0.311,0.601,0.381,0.946,0.583,0.048,0.047,2.59,28.7
Benicia,Solano,500,172,83.038,113.529,25.917325,0.932,71.518,475.5,2.279,0.61,1.429,9.722,87.011,44.572,2.17896365,28.174,0.057,0.004,0.122,0.002,0.069,0.152,0.594,0.213,0.123,0.676,0.16,0.955,0.424,0.062,0.071,2.52,33.1
Berkeley,Alameda,2181,1122,95.938,140.723,196.389407,1.656,71.53,795.2,2.869,0.786,1.434,11.62,70.393,44.611,11.57975167,121.24,0.083,0.005,0.189,0.003,0.066,0.109,0.546,0.197,0.206,0.426,0.28,0.959,0.718,0.063,0.199,2.31,28.3
Beverly Hills,Los Angeles,1218,738,96.912,129.606,126.357426,3.649,84.665,1900.5,NA,NA,1.988,84.116,100.63,78.343,6.074781086,34.687,0.012,0.001,0.094,0,0.049,0.057,0.788,0.07,0.388,0.413,0.52,0.959,0.613,0.09,0.102,2.37,23.8
Big Bear Lake,San Bernardino,116,79,69.908,114.314,10.458444,2.031,37.365,384.1,1.843,0.617,0.925,31.856,46.655,31.98,0.824409449,5.235,0.013,0.004,0.01,0.019,0.004,0.223,0.727,0.24,0.131,0.558,0.177,0.902,0.255,0.213,0.185,2.37,18.4
Bishop,Inyo,151,33,85.884,111.659,4.727508,1.233,41.038,384.1,1.843,0.617,0.925,31.856,46.655,31.98,0.824409449,5.235,0.013,0.004,0.01,0.019,0.004,0.223,0.727,0.24,0.131,0.558,0.177,0.902,0.255,0.213,0.185,2.37,18.4
Blythe,Riverside,110,50,61.668,80.646,5.543215,0.281,32.107,126.3,1.341,0.371,0.714,8.111,40.448,14.571,0.751928217,19.693,0.128,0.007,0.022,0.003,0.028,0.545,0.268,0.68,0.176,0.512,0.435,0.703,0.087,0.16,0.237,2.64,16.9
Brawley,Imperial,262,97,61.518,85.086,13.658473,0.529,34.185,150.1,1.306,0.453,0.775,5.552,40.745,16.838,3.404817708,26.149,0.014,0.006,0.01,0.002,0.047,0.792,0.13,0.812,0.254,0.535,0.668,0.718,0.115,0.139,0.285,3.62,19.4
Brea,Orange,541,278,95.245,126.552,44.096285,1.066,60.725,579.6,2.47,0.619,1.616,31.252,85.555,38.543,3.515811258,42.471,0.015,0.006,0.196,0,0.045,0.289,0.449,0.31,0.204,0.608,0.297,0.931,0.438,0.1,0.072,2.81,32.3
Brentwood,Contra Costa,457,246,97.953,123.562,36.671732,0.644,61.371,428.5,2.496,0.73,1.977,10.381,94.13,35.013,4.092765382,60.532,0.074,0.001,0.08,0.002,0.071,0.257,0.516,0.332,0.156,0.717,0.229,0.906,0.283,0.057,0.074,3.15,42.6
Brisbane,San Mateo,181,71,105.817,127.09,10.541403,2.307,73.268,428.5,2.496,0.73,1.977,10.381,94.13,35.013,4.092765382,60.532,0.074,0.001,0.08,0.002,0.071,0.257,0.516,0.332,0.156,0.717,0.229,0.906,0.283,0.057,0.074,3.15,42.6
Buellton,Santa Barbara,40,17,72.179,92.348,2.017316,0.401,47.813,410.2,1.988,0.393,1.357,26.173,71.932,31.326,3.224683544,5.095,0.025,0.012,0.011,0,0.039,0.315,0.598,0.352,0.169,0.702,0.261,0.871,0.311,0.155,0.05,2.63,22
Buena Park,Orange,518,228,93.597,119.268,34.226965,0.413,41.363,448.9,2.178,0.435,1.421,21.071,70.341,25.236,7.904562738,83.156,0.03,0.005,0.282,0.007,0.032,0.392,0.252,0.427,0.37,0.556,0.553,0.819,0.291,0.16,0.141,3.51,29.8
Burbank,Los Angeles,1791,973,96.485,126.714,165.039838,1.578,56.495,611,2.651,0.524,1.446,22.193,67.317,35.959,6.023471742,104.447,0.025,0.004,0.113,0,0.048,0.247,0.563,0.276,0.342,0.412,0.47,0.887,0.4,0.133,0.115,2.5,26.9
Burlingame,San Mateo,393,216,86.444,115.691,30.809753,1.022,94.432,1447.4,NA,0.841,1.789,26.177,102.443,64.525,6.870975057,30.301,0.012,0.004,0.235,0.004,0.064,0.115,0.566,0.131,0.278,0.466,0.342,0.963,0.605,0.065,0.072,2.43,29
Calabasas,Los Angeles,278,82,73.409,100.358,11.148443,0.462,91.151,926.8,3.87,1.054,2.191,24.941,111.111,60.035,1.874108527,24.176,0.022,0.002,0.1,0,0.053,0.071,0.752,0.095,0.25,0.693,0.266,0.977,0.64,0.047,0.069,2.74,32.7
Calexico,Imperial,148,112,81.559,111.088,13.722918,0.345,29.653,165.3,1.333,0.372,0.839,10.999,34.734,13.365,4.79523242,40.232,0.002,0,0.009,0,0.028,0.945,0.017,0.947,0.46,0.509,0.96,0.589,0.145,0.208,0.263,4.28,22.6
California City,Kern,185,91,62.441,85.421,9.6436,0.721,38.75,93,1.155,0.363,0.862,3.255,48.776,19.849,0.067349646,13.707,0.202,0.014,0.045,0.001,0.062,0.264,0.413,0.48,0.141,0.559,0.229,0.79,0.113,0.128,0.263,2.74,33.7
Calimesa,Riverside,20,9,48.825,65.509,0.935767,0.111,55.083,168.7,1.582,0.468,0.99,8.571,46.07,26.436,0.58020202,8.616,0.011,0.018,0.025,0.001,0.032,0.247,0.667,0.276,0.079,0.839,0.145,0.894,0.151,0.161,0.163,2.5,34.6
Calipatria,Imperial,42,8,51.484,64.038,0.94689,0.126,36.05,93.2,0.915,0.275,0.722,0.927,34.8,6.556,2.02311828,7.526,0.152,0.003,0.009,0.001,0.056,0.726,0.053,0.881,0.215,0.498,0.658,0.584,0.03,0.119,0.335,3.75,18.8
Calistoga,Napa,150,37,92.728,108.688,5.706695,1.08,38.98,475.8,2.403,0.676,1.153,13.167,60.534,34.876,2.042692308,5.311,0.005,0.01,0.029,0.002,0.003,0.483,0.469,0.498,0.373,0.589,0.532,0.763,0.259,0.17,0.089,2.6,17.5
Camarillo,Ventura,192,119,96.878,128.064,18.746591,0.281,59.457,493.8,2.373,0.557,1.763,23.144,88.125,40.25,3.449206349,67.363,0.02,0.002,0.099,0,0.056,0.242,0.579,0.264,0.147,0.674,0.224,0.922,0.404,0.079,0.062,2.72,23.5
Campbell,Santa Clara,490,192,97.844,126.565,26.635977,0.653,75.573,804.5,3.124,0.605,1.821,18.819,103.704,51.269,7.058448276,40.939,0.022,0.004,0.176,0,0.051,0.184,0.562,0.21,0.243,0.501,0.308,0.936,0.515,0.077,0.068,2.58,25.5
Canyon Lake,Riverside,19,4,55.352,58.831,0.465225,0.042,55.522,379.4,2.375,0.634,1.708,1.081,84.015,40.072,2.833842239,11.137,0.008,0.003,0.014,0.001,0.023,0.149,0.802,0.16,0.044,0.82,0.073,0.945,0.259,0.058,0.063,2.64,43.7
Capitola,Santa Cruz,151,55,84.506,103.842,7.393886,0.731,55.474,560.5,2.445,0.584,1.703,46.429,73.935,41.695,6.402515723,10.18,0.014,0.009,0.042,0,0.066,0.227,0.643,0.25,0.158,0.443,0.23,0.934,0.369,0.133,0.116,2.22,25.9
Carlsbad,San Diego,1338,615,88.632,123.48,92.187866,0.823,79.139,674.4,2.885,0.675,1.83,24.233,97.145,49.349,3.020996819,113.952,0.011,0.003,0.075,0.002,0.041,0.139,0.729,0.153,0.148,0.639,0.176,0.957,0.555,0.085,0.079,2.6,28.6
Carpinteria,Santa Barbara,116,31,67.794,93.043,3.849985,0.284,47.374,605.2,2.561,0.557,1.631,11.093,72.901,37.869,5.283397683,13.684,0.003,0.009,0.041,0,0.023,0.408,0.516,0.42,0.247,0.568,0.383,0.821,0.344,0.16,0.088,2.69,23.5
Carson,Los Angeles,1120,257,74.243,114.036,41.741742,0.449,40.984,366.7,2.021,0.422,1.422,15.037,73.829,25.183,4.957104701,92.797,0.203,0.008,0.245,0.022,0.074,0.379,0.07,0.59,0.346,0.752,0.54,0.8,0.244,0.143,0.113,3.64,27.1
Cathedral City,Riverside,198,148,111.466,136.087,23.425016,0.439,30.705,203.9,1.577,0.559,1.132,15.006,41.696,20.507,2.514232558,54.056,0.027,0.007,0.045,0.001,0.024,0.59,0.305,0.624,0.319,0.598,0.541,0.763,0.18,0.266,0.218,2.99,20.7
Ceres,Stanislaus,252,167,77.286,110.532,21.640307,0.458,36.953,180.2,1.429,0.407,1.039,9.706,49.518,18.715,6.02721598,48.278,0.021,0.008,0.066,0.006,0.042,0.586,0.272,0.615,0.268,0.596,0.575,0.691,0.1,0.117,0.167,3.58,27.7
Cerritos,Los Angeles,628,199,64.8,99.217,26.694892,0.536,63.496,620.5,2.434,0.47,2.192,49.968,95.373,36.449,5.790950745,50.555,0.082,0.003,0.601,0.001,0.035,0.126,0.152,0.211,0.452,0.789,0.592,0.927,0.504,0.098,0.048,3.24,32.7
Chico,Butte,446,353,79.497,124.644,48.159332,0.538,37.195,270.9,1.612,0.474,0.955,20.415,43.148,24.948,2.781500608,91.567,0.021,0.007,0.041,0.003,0.055,0.159,0.715,0.187,0.081,0.434,0.15,0.924,0.362,0.127,0.252,2.47,16.6
Chino,San Bernardino,673,337,84.465,109.103,47.521146,0.567,43.686,365.5,2.087,0.501,1.446,14.831,72.832,22.148,2.961403509,87.776,0.055,0.006,0.112,0.002,0.077,0.501,0.247,0.562,0.227,0.644,0.42,0.773,0.202,0.143,0.122,3.43,33.9
Chino Hills,San Bernardino,325,129,77.272,116.959,20.080128,0.259,62.15,537.8,2.457,0.656,1.916,8.314,97.222,36.145,1.764145031,78.822,0.04,0.003,0.324,0.002,0.049,0.27,0.312,0.313,0.29,0.775,0.422,0.934,0.448,0.089,0.067,3.21,38.2
Chowchilla,Madera,80,40,69.731,83.07,4.663075,0.256,27.419,152.9,1.255,0.425,0.953,5.4,35.903,12.932,2.380678851,18.236,0.098,0.025,0.016,0.005,0.05,0.436,0.369,0.559,0.156,0.481,0.4,0.707,0.08,0.189,0.314,3.2,23
Chula Vista,San Diego,1394,850,94.81,132.775,128.011222,0.491,43.554,402,2.355,0.448,1.351,10.872,66.956,25.75,5.383276244,267.172,0.045,0.003,0.147,0.005,0.051,0.567,0.181,0.615,0.31,0.581,0.583,0.808,0.279,0.132,0.122,3.32,28
Citrus Heights,Sacramento,271,171,88.844,113.695,23.05128,0.268,40.042,218.2,1.537,0.439,1.048,12.132,51.715,25.515,6.144202389,87.432,0.036,0.009,0.037,0.001,0.049,0.185,0.682,0.23,0.141,0.551,0.196,0.896,0.19,0.138,0.145,2.53,25.7
Claremont,Los Angeles,283,140,77.407,106.027,20.320521,0.567,67.237,581.1,2.666,0.63,1.399,10.709,94.005,40.743,2.701048689,36.059,0.042,0.007,0.153,0,0.044,0.237,0.516,0.286,0.194,0.655,0.295,0.936,0.568,0.061,0.095,2.67,26.7
Clayton,Contra Costa,48,19,85.17,111.16,2.629434,0.225,101.875,629.2,3.062,0.695,2.49,5.414,136.946,56.295,3.122916667,11.992,0.003,0.008,0.067,0.002,0.066,0.082,0.773,0.093,0.099,0.902,0.108,0.979,0.543,0.014,0.028,2.81,37.7
Clearlake,Lake,67,38,74.3,87.306,4.000718,0.265,24.065,84.2,1.043,0.369,0.805,11.21,25.426,15.463,1.485982231,15.053,0.054,0.033,0.001,0.003,0.034,0.245,0.631,0.332,0.091,0.502,0.196,0.768,0.091,0.178,0.381,2.35,27.2
Cloverdale,Sonoma,57,34,82.956,113.477,4.96888,0.567,41.923,355.2,1.88,0.529,1.171,6.248,64.144,30.037,3.321132075,8.801,0.012,0.034,0.03,0,0.034,0.327,0.563,0.373,0.185,0.683,0.323,0.827,0.232,0.106,0.054,2.74,28.3
Clovis,Fresno,688,461,84.799,110.187,60.904762,0.596,49.806,263.5,1.837,0.507,1.093,15.171,64.64,29.876,4.57830756,106.583,0.026,0.01,0.104,0.003,0.041,0.281,0.535,0.317,0.118,0.599,0.239,0.895,0.307,0.094,0.132,2.9,21.1
Coachella,Riverside,89,63,82.309,95.583,7.844495,0.178,25.967,161.4,1.383,0.475,0.895,6.075,36.124,12.846,1.552780656,44.953,0.008,0.008,0.001,0,0.005,0.962,0.016,0.978,0.396,0.649,0.881,0.522,0.033,0.268,0.301,3.85,21.8
Coalinga,Fresno,131,72,59.778,78.191,7.051242,0.424,32.048,153,1.447,0.404,0.833,6.579,51.265,17.892,2.712091503,16.598,0.056,0.008,0.024,0.004,0.054,0.552,0.302,0.616,0.194,0.534,0.436,0.71,0.117,0.131,0.237,3.04,20.5
Colton,San Bernardino,434,254,85.319,114.885,35.411973,0.657,32.151,189.5,1.471,0.403,1.044,9.052,43.966,17.612,3.571279373,54.712,0.078,0.008,0.047,0.007,0.031,0.668,0.161,0.754,0.216,0.502,0.457,0.739,0.132,0.185,0.205,3.34,26
Colusa,Colusa,65,33,61.499,68.4,2.705197,0.455,32.009,194.9,1.378,0.397,0.805,12.768,48.877,22.392,3.244262295,5.937,0.013,0.007,0.017,0.003,0.04,0.534,0.387,0.554,0.194,0.602,0.417,0.721,0.161,0.144,0.18,2.83,24.7
Commerce,Los Angeles,499,238,61.072,87.949,25.617331,1.971,30.265,343.2,1.6,0.333,0.988,72.989,42.235,15.591,1.983639144,12.973,0.009,0.01,0.009,0.001,0.024,0.936,0.012,0.955,0.327,0.417,0.757,0.554,0.07,0.225,0.163,3.59,26.5
Compton,Los Angeles,478,432,49.721,82.294,40.537315,0.414,27.591,264.3,1.636,0.376,1.11,3.78,45.406,14.82,9.745254745,97.55,0.305,0.004,0.01,0.003,0.018,0.65,0.011,0.959,0.306,0.545,0.626,0.608,0.082,0.209,0.255,4.09,29.8
Concord,Contra Costa,674,345,108.265,158.115,60.631425,0.477,51.885,423.1,2.2,0.506,1.387,19.057,71.477,33.149,4.213617021,128.726,0.042,0.004,0.11,0.005,0.062,0.299,0.479,0.345,0.269,0.582,0.362,0.874,0.33,0.133,0.122,2.75,33.5
Corcoran,Kings,86,59,50.061,64.341,4.863913,0.212,30.863,111.7,1.057,0.32,0.752,2.411,35.531,8.673,3.028915663,22.626,0.103,0.018,0.01,0.002,0.036,0.65,0.181,0.771,0.199,0.429,0.506,0.588,0.033,0.169,0.362,3.37,21
Corona,Riverside,907,536,114.496,165.603,97.026299,0.6,46.35,378.5,2.192,0.562,1.426,16.516,72.309,28.182,4.295261396,166.785,0.047,0.005,0.112,0.005,0.042,0.422,0.367,0.474,0.264,0.651,0.413,0.843,0.266,0.15,0.117,3.26,36.5
Coronado,San Diego,692,211,82.499,97.308,25.856821,1.04,77.304,1332.5,3.61,0.948,2.268,3.518,92.413,51.674,3.272635561,25.952,0.039,0.004,0.029,0.003,0.028,0.15,0.747,0.193,0.1,0.49,0.156,0.976,0.59,0.044,0.058,2.35,18.6
Corte Madera,Marin,137,39,128.969,156.983,8.09169,0.834,103.25,1061.7,NA,0.836,2.025,158.556,125.915,67.253,3.119620253,9.858,0.009,0,0.056,0,0.036,0.099,0.8,0.108,0.14,0.688,0.187,0.965,0.643,0.045,0.037,2.55,33.2
Costa Mesa,Orange,774,380,118.317,163.276,77.577585,0.689,50.24,637.2,2.561,0.475,1.641,34.092,70.438,35.28,7.209073482,112.822,0.017,0.004,0.087,0.006,0.038,0.355,0.494,0.376,0.252,0.385,0.386,0.847,0.374,0.18,0.135,2.71,22.5
Cotati,Sonoma,55,33,79.606,116.334,4.556106,0.614,51.313,429.7,2.066,0.658,1.327,18.31,64.754,34.196,3.965425532,7.455,0.035,0,0.032,0.002,0.063,0.179,0.69,0.214,0.146,0.581,0.18,0.892,0.361,0.088,0.097,2.56,28.8
Covina,Los Angeles,455,98,101.885,121.226,18.238753,0.375,41.873,415.3,2.129,0.476,1.3,13.881,65.451,26.008,6.905974395,48.549,0.039,0.008,0.119,0,0.052,0.548,0.234,0.595,0.232,0.546,0.451,0.859,0.274,0.117,0.105,3.17,33.1
Crescent City,Del Norte,166,46,58.079,72.988,4.689187,0.673,25.478,120.4,0.98,0.32,0.733,13.237,27.569,11.647,3.403061224,6.67,0.077,0.033,0.034,0.002,0.04,0.354,0.459,0.464,0.075,0.308,0.2,0.682,0.094,0.095,0.291,2.23,16.9
Cudahy,Los Angeles,61,19,77.771,86.47,2.071949,0.085,25.226,285.9,1.716,0.427,1.154,3.737,39.058,11.766,20.4220339,24.098,0.004,0.003,0.006,0.002,0.021,0.938,0.026,0.945,0.454,0.149,0.934,0.457,0.06,0.281,0.304,4.4,31.8
Culver City,Los Angeles,887,566,85.039,116.714,90.210601,2.289,63.687,675.8,2.628,0.555,1.678,42.232,82,46.95,7.70332681,39.364,0.08,0.006,0.155,0,0.055,0.231,0.473,0.317,0.249,0.533,0.371,0.922,0.556,0.096,0.076,2.34,25.7
Cupertino,Santa Clara,426,187,79.688,111.003,23.646908,0.392,131.533,1214.3,3.719,0.762,2.579,NA,147.929,60.04,5.385701599,60.643,0.005,0.002,0.66,0.003,0.027,0.045,0.259,0.052,0.518,0.63,0.63,0.971,0.766,0.027,0.045,2.92,27.3
Cypress,Orange,263,129,89.318,113.23,17.504712,0.357,58.89,540.9,2.448,0.518,1.667,12.587,84.469,34.291,7.432522796,48.906,0.044,0.005,0.313,0.003,0.041,0.192,0.403,0.241,0.289,0.665,0.394,0.921,0.395,0.109,0.064,3.06,30.3
Daly City,San Mateo,793,399,97.925,137.176,68.154314,0.645,44.04,611.8,2.54,0.523,1.769,8.539,79.346,30.377,13.8997389,106.472,0.031,0.005,0.56,0.01,0.034,0.23,0.13,0.266,0.523,0.558,0.678,0.856,0.351,0.111,0.089,3.31,29.7
Dana Point,Orange,74,61,90.515,100.115,7.451579,0.219,69.167,780.3,2.916,0.692,1.813,9.998,83.913,54.14,5.232615385,34.012,0.009,0.003,0.03,0,0.026,0.176,0.756,0.188,0.143,0.606,0.195,0.939,0.47,0.134,0.079,2.31,28.5
Danville,Contra Costa,297,90,64.387,89.7,10.19289,0.232,123.384,919.5,3.522,0.89,2.359,12.72,146.603,69.758,2.475374376,44.631,0.017,0.001,0.124,0.001,0.032,0.064,0.761,0.082,0.141,0.846,0.165,0.98,0.664,0.024,0.028,2.78,31.9
Davis,Yolo,848,303,85.21,117.696,43.007941,0.643,55.5,565.7,2.415,0.61,1.291,7.062,57.683,34.221,6.88685541,68.111,0.028,0.001,0.22,0.003,0.057,0.141,0.55,0.17,0.198,0.423,0.3,0.965,0.732,0.06,0.288,2.63,21.4
Delano,Kern,390,247,58.515,80.295,23.509411,0.447,26.21,160.7,1.174,0.36,0.786,5.29,36.265,11.255,3.685804196,52.707,0.044,0.008,0.117,0.002,0.023,0.749,0.058,0.801,0.379,0.558,0.773,0.553,0.072,0.185,0.292,3.96,18.3
Desert Hot Springs,Riverside,84,41,63.096,78.3,4.847062,0.172,31.646,143.3,1.227,0.381,0.899,5.206,34.059,14.724,1.206265876,28.492,0.066,0.009,0.025,0.004,0.045,0.545,0.306,0.62,0.242,0.455,0.451,0.681,0.122,0.216,0.339,3.01,30.5
Diamond Bar,Los Angeles,134,47,87.285,110.288,7.201186,0.127,57.006,593.1,2.349,0.652,1.855,5.529,89.845,34.6,3.816733871,56.793,0.04,0.006,0.522,0.009,0.038,0.191,0.194,0.237,0.433,0.764,0.581,0.924,0.507,0.103,0.059,3.18,35.1
Dinuba,Tulare,246,144,73.391,93.811,14.503974,0.618,26.917,157,1.226,0.339,0.898,11.235,38.008,13.988,3.703400309,23.961,0.003,0.005,0.02,0,0.029,0.842,0.101,0.85,0.309,0.482,0.697,0.596,0.072,0.198,0.267,3.81,22.3
Dorris,Siskiyou,11,2,31.074,41.423,0.202747,0.196,22.391,157,1.226,0.339,0.898,11.235,38.008,13.988,3.703400309,23.961,0.003,0.005,0.02,0,0.029,0.842,0.101,0.85,0.309,0.482,0.697,0.596,0.072,0.198,0.267,3.81,22.3
Downey,Los Angeles,1014,336,115.441,152.297,57.12302,0.504,38.263,449.9,2.291,0.447,1.276,10.311,65.332,24.388,9.12707494,113.267,0.037,0.003,0.069,0.002,0.027,0.718,0.143,0.758,0.34,0.493,0.688,0.767,0.219,0.179,0.11,3.43,29.8
Duarte,Los Angeles,249,41,78.25,93.566,5.662201,0.259,42.053,385.6,1.977,0.473,1.421,23.217,65.571,26.106,3.258744395,21.801,0.085,0.006,0.173,0,0.049,0.451,0.235,0.542,0.34,0.616,0.534,0.815,0.305,0.183,0.149,3.15,29.4
Dublin,Alameda,334,75,99.08,121.929,12.73462,0.233,99.915,693.9,3.158,0.681,2.154,27.248,128.403,50.889,3.996177062,59.583,0.06,0.005,0.363,0.003,0.061,0.1,0.409,0.165,0.319,0.654,0.4,0.927,0.586,0.038,0.043,2.83,36.7
East Palo Alto,San Mateo,129,94,92.203,117.863,12.570489,0.428,34.754,515.9,2.541,0.611,1.51,9.372,55.17,20.336,11.82629482,29.684,0.122,0.004,0.036,0.097,0.041,0.624,0.075,0.75,0.416,0.335,0.733,0.665,0.169,0.159,0.166,3.97,23.7
Eastvale,Riverside,21,3,74.241,86.257,0.890691,0.015,56.646,460.1,2.754,0.84,2.507,4.926,104.94,29.009,5.364122807,61.151,0.084,0.004,0.268,0.001,0.069,0.383,0.192,0.471,0.295,0.756,0.473,0.877,0.349,0.094,0.073,4.13,42.5
El Cajon,San Diego,572,355,93.209,135.031,50.801492,0.493,36.571,369,2.014,0.51,1.137,17.312,46.374,21.396,7.191129591,103.768,0.056,0.005,0.036,0.013,0.066,0.273,0.551,0.334,0.294,0.383,0.427,0.811,0.191,0.155,0.241,3.04,25.7
El Centro,Imperial,360,208,63.165,80.77,20.885422,0.477,32.91,164.9,1.453,0.43,0.748,21.479,41.849,18.172,3.989259928,44.201,0.022,0.005,0.022,0.002,0.058,0.795,0.097,0.822,0.34,0.498,0.798,0.685,0.18,0.157,0.248,3.48,19.3
El Cerrito,Contra Costa,354,141,117.049,135.348,23.427687,0.95,69.291,636.6,2.65,0.559,1.567,16.529,92.67,47.373,6.883468835,25.4,0.065,0.005,0.266,0.002,0.075,0.11,0.477,0.18,0.275,0.598,0.352,0.944,0.616,0.107,0.091,2.46,32.9
Elk Grove,Sacramento,355,273,94.413,119.461,38.845006,0.237,52.428,317.5,1.992,0.572,1.489,11.468,83.141,31.928,4.02329936,169.743,0.103,0.007,0.272,0.011,0.084,0.178,0.346,0.288,0.229,0.721,0.338,0.904,0.362,0.066,0.097,3.22,30.9
El Monte,Los Angeles,508,244,91.197,164.617,47.895564,0.414,25.718,374.9,1.825,0.405,1.118,14.567,40.654,15.597,12.11370293,115.807,0.005,0.005,0.284,0.003,0.014,0.648,0.041,0.658,0.492,0.393,0.842,0.584,0.114,0.255,0.238,3.8,31.3
El Segundo,Los Angeles,529,217,104.509,132.767,43.299277,2.561,82.622,828.3,3.155,0.535,1.638,91.363,91.623,47.749,3.093956044,16.893,0.017,0.005,0.072,0.004,0.077,0.177,0.649,0.199,0.126,0.439,0.196,0.955,0.515,0.073,0.082,2.53,23.8
Emeryville,Alameda,290,120,97.446,122.644,18.923707,1.703,76.152,396.9,2.245,0.682,1.749,65.798,74.295,56.614,9.3368,11.671,0.144,0.014,0.244,0.004,0.078,0.108,0.408,0.266,0.276,0.366,0.331,0.963,0.678,0.084,0.121,1.77,30
Encinitas,San Diego,403,219,89.39,120.176,30.783329,0.495,72.971,820.4,2.959,0.635,1.791,18.358,100.698,52.807,3.356246677,63.131,0.007,0.002,0.053,0.001,0.022,0.126,0.789,0.135,0.129,0.639,0.164,0.947,0.606,0.095,0.074,2.61,25.2
Escalon,San Joaquin,23,62993,82.327,2260.678,#VALUE!,NA,NA,256.8,1.791,0.392,1.228,8.732,65.258,28.148,3.270434783,7.522,0,0.002,0.011,0.001,0.053,0.282,0.652,0.284,0.101,0.662,0.162,0.875,0.159,0.078,0.118,2.81,25.8
Escondido,San Diego,1195,693,83.209,117.505,99.59227,0.664,35.763,368.5,2.082,0.51,1.237,18.878,54.268,23.397,4.118799239,151.613,0.025,0.01,0.066,0.002,0.035,0.486,0.375,0.521,0.291,0.489,0.482,0.745,0.226,0.218,0.177,3.27,27.1
Eureka,Humboldt,462,186,55.468,77.577,18.334422,0.679,28.659,241.7,1.454,0.343,0.844,36.027,39.063,22.645,2.902558635,27.226,0.018,0.028,0.058,0,0.073,0.101,0.722,0.147,0.066,0.457,0.13,0.871,0.257,0.185,0.234,2.35,12.4
Exeter,Tulare,87,31,61.484,73.153,3.097251,0.294,31.677,175,1.225,0.332,0.857,6.225,42.59,21.394,4.270731707,10.506,0.011,0.016,0.01,0.002,0.034,0.429,0.499,0.456,0.117,0.608,0.282,0.784,0.151,0.116,0.253,3.04,20.5
Fairfax,Marin,51,28,73.638,94.257,3.431887,0.451,82.178,733.8,2.938,0.719,1.69,6.007,99.438,58.595,3.453636364,7.598,0.007,0.004,0.028,0,0.045,0.06,0.856,0.071,0.087,0.672,0.101,0.97,0.601,0.06,0.064,2.3,31.9
Fairfield,Solano,913,460,96.683,133.797,74.982445,0.675,47.677,305.4,2.001,0.467,1.359,12.988,69.396,29.08,3.069162878,114.756,0.139,0.005,0.161,0.012,0.071,0.293,0.32,0.437,0.224,0.558,0.357,0.853,0.252,0.102,0.121,3.09,30.3
Farmersville,Tulare,35,31,67.205,85.874,3.003779,0.28,25.78,124.4,0.922,0.285,0.73,1.994,33.689,11.621,4.75,10.735,0.022,0.012,0.001,0,0.007,0.847,0.112,0.881,0.267,0.661,0.753,0.55,0.028,0.204,0.294,4.07,24.4
Fillmore,Ventura,137,25,63.09,75.63,3.013146,0.195,34.602,320.6,2.061,0.393,1.192,5.99,55.512,20.069,4.645833333,15.61,0.001,0.008,0.008,0.002,0.029,0.762,0.191,0.771,0.283,0.685,0.622,0.646,0.115,0.144,0.192,3.52,30.3
Firebaugh,Fresno,47,30,50.341,71.366,2.494717,0.305,26.629,122.4,1.232,0.365,0.676,3.438,36.181,13.381,2.402023121,8.311,0,0.008,0,0,0.014,0.916,0.063,0.924,0.383,0.472,0.801,0.469,0.053,0.192,0.368,3.79,22.7
Folsom,Sacramento,847,373,85.736,124.92,57.331979,0.764,83.723,433.3,2.304,0.611,1.465,22.342,102.692,41.732,3.520318907,77.271,0.045,0.005,0.154,0.004,0.053,0.108,0.631,0.158,0.159,0.69,0.205,0.925,0.483,0.041,0.047,2.61,24.8
Fontana,San Bernardino,1463,498,88.312,116.925,77.815507,0.379,36.778,289.4,1.865,0.446,1.167,10.629,65.995,20.265,4.941432948,209.665,0.09,0.009,0.06,0.006,0.038,0.657,0.14,0.756,0.286,0.636,0.588,0.733,0.161,0.187,0.151,3.99,32.8
Fort Bragg,Mendocino,73,53,64.152,83.742,5.202564,0.716,32.679,294.9,1.779,0.413,0.985,22.327,37.25,20.514,2.649818182,7.287,0.007,0.019,0.01,0.004,0.031,0.335,0.595,0.361,0.205,0.359,0.337,0.822,0.205,0.159,0.22,2.51,12.8
Fortuna,Humboldt,138,60,48.875,71.868,5.689052,0.477,31.777,244,1.463,0.387,0.902,13.721,44.904,20.62,2.499381443,12.122,0.003,0.028,0.013,0.002,0.047,0.186,0.721,0.217,0.1,0.549,0.153,0.855,0.154,0.164,0.163,2.65,21
Foster City,San Mateo,311,159,113.327,152.593,30.522429,0.925,109.116,949.9,3.19,0.74,2.535,9.494,129.733,60.812,9.089095745,34.175,0.018,0.002,0.467,0.001,0.054,0.045,0.414,0.065,0.438,0.577,0.509,0.961,0.694,0.023,0.043,2.54,30.3
Fountain Valley,Orange,307,201,101.973,129.326,29.168217,0.514,57.555,626.6,2.485,0.511,1.778,22.998,84.763,35.713,6.267073171,56.529,0.007,0.003,0.329,0.003,0.045,0.158,0.455,0.168,0.31,0.696,0.41,0.905,0.422,0.096,0.085,2.98,27.8
Fowler,Fresno,58,0,NA,NA,1.915691,0.314,32.161,201,1.519,0.42,0.871,7.518,47.572,18.305,2.509090909,6.348,0.004,0.003,0.116,0,0.029,0.683,0.165,0.69,0.181,0.538,0.493,0.711,0.134,0.124,0.239,3.41,20.8
Fremont,Alameda,1588,797,116.202,165.981,154.239334,0.676,83.043,702.8,2.763,0.593,1.868,11.793,111.613,43.875,3.009759876,233.136,0.031,0.005,0.549,0.009,0.057,0.131,0.219,0.167,0.464,0.616,0.592,0.93,0.54,0.055,0.053,3.1,32.8
Fresno,Fresno,4255,3012,65.413,85.797,306.710212,0.596,34.127,187.5,1.454,0.414,0.901,11.782,41.842,20.141,4.662852805,522.053,0.078,0.011,0.13,0.002,0.043,0.47,0.267,0.559,0.207,0.465,0.428,0.753,0.205,0.154,0.3,3.08,21.6
Fullerton,Orange,984,532,79.693,113.694,81.912598,0.587,45.319,551.3,2.491,0.513,1.397,10.943,67.11,30.911,6.296241611,140.721,0.024,0.003,0.243,0.003,0.047,0.349,0.331,0.376,0.316,0.517,0.475,0.867,0.395,0.156,0.153,3.02,29.3
Galt,Sacramento,380,110,67.302,96.444,14.222912,0.572,41.542,239,1.683,0.447,1.098,7.893,63.681,24.639,4.322596965,25.633,0.016,0.014,0.043,0.003,0.062,0.43,0.431,0.46,0.186,0.704,0.343,0.821,0.168,0.14,0.177,3.26,31.9
Gardena,Los Angeles,589,341,72.45,95.359,42.777008,0.714,37.039,372.5,2.06,0.385,1.18,12.674,50.137,24.115,10.29982847,60.048,0.244,0.003,0.247,0.009,0.037,0.366,0.094,0.613,0.334,0.506,0.516,0.82,0.241,0.179,0.15,2.86,27.1
Garden Grove,Orange,872,557,95.734,130.271,89.009127,0.509,36.59,445.7,2.069,0.444,1.377,9.497,60.522,22.035,9.746822742,174.858,0.01,0.006,0.388,0.003,0.023,0.364,0.206,0.38,0.443,0.538,0.666,0.74,0.198,0.163,0.162,3.62,27
Gilroy,Santa Clara,463,212,114.307,158.383,37.699929,0.717,50.538,528.7,2.692,0.551,1.521,23.527,84.351,30.763,3.409845201,55.069,0.016,0.008,0.06,0,0.039,0.586,0.291,0.61,0.254,0.575,0.459,0.78,0.256,0.114,0.13,3.38,32.9
Glendale,Los Angeles,1292,634,79.771,104.343,88.939911,0.449,49.313,639.7,2.716,0.615,1.355,16.137,56.069,31.541,6.59543514,200.831,0.016,0.003,0.161,0.001,0.036,0.181,0.603,0.2,0.544,0.345,0.696,0.851,0.39,0.152,0.147,2.72,27.7
Glendora,Los Angeles,345,181,74.828,93.247,23.311881,0.454,54.991,481.8,2.333,0.516,1.466,13.569,78.448,33.967,2.674110366,51.851,0.023,0.003,0.101,0.001,0.048,0.303,0.522,0.329,0.175,0.694,0.276,0.903,0.332,0.095,0.094,3,32.2
Goleta,Santa Barbara,84,41,117.23,134.238,6.710416,0.218,50.759,650.2,2.543,0.523,1.708,24.025,81.398,36.215,3.905063291,30.85,0.017,0.008,0.085,0.001,0.046,0.375,0.468,0.4,0.225,0.541,0.363,0.885,0.417,0.081,0.084,2.76,16.2
Gonzales,Monterey,107,27,59.43,81.447,3.708177,0.441,33.22,253.7,1.636,0.326,1.179,2.541,52.94,15.321,4.40625,8.46,0.005,0.007,0.015,0,0.004,0.924,0.045,0.936,0.341,0.486,0.761,0.527,0.084,0.175,0.234,4.23,22.8
Grand Terrace,San Bernardino,70,12,57.443,67.444,1.883256,0.151,43.521,249.7,1.744,0.41,1.28,5.392,64.188,28.024,3.574,12.509,0.061,0.007,0.054,0,0.055,0.453,0.37,0.521,0.155,0.61,0.288,0.894,0.292,0.109,0.09,2.79,24
Grass Valley,Nevada,116,64,80.289,120.023,9.142102,0.71,34.821,254.4,1.459,0.425,0.961,43.353,35.524,25.402,2.728691983,12.934,0.001,0.03,0.01,0,0.024,0.117,0.817,0.148,0.079,0.411,0.097,0.896,0.246,0.154,0.255,2.08,15.8
Greenfield,Monterey,82,44,63.569,77.934,4.278832,0.251,27.262,230.3,1.458,0.369,1.173,2.749,46.506,12.992,8.143925234,17.428,0.007,0.004,0.006,0,0.013,0.894,0.076,0.905,0.417,0.484,0.818,0.504,0.048,0.246,0.255,4.59,24.9
Gridley,Butte,74,48,66.711,93.256,5.275831,0.804,28.06,158,1.303,0.303,0.769,15.21,39.583,17.363,3.181642512,6.586,0.002,0.014,0.031,0,0.024,0.473,0.455,0.489,0.231,0.505,0.424,0.692,0.145,0.122,0.227,2.83,19.9
Grover Beach,San Luis Obispo,72,49,76.123,98.641,5.726205,0.424,36.777,430.2,1.977,0.413,1.2,7.188,58.895,30.493,5.905194805,13.641,0.02,0.017,0.063,0.011,0.046,0.275,0.569,0.312,0.125,0.433,0.228,0.874,0.269,0.156,0.11,2.43,22.7
Guadalupe,Santa Barbara,66,30,70.455,86.813,2.782412,0.383,28.083,210.9,1.408,0.33,1.14,1.878,41.907,15.638,5.588549618,7.321,0.001,0.018,0.033,0,0.018,0.845,0.085,0.864,0.327,0.532,0.697,0.589,0.083,0.182,0.188,3.75,21.2
Gustine,Merced,62,18,54.632,59.371,1.677797,0.295,36.096,151.9,1.247,0.296,0.854,2.468,37.77,24.689,3.752903226,5.817,0.003,0.003,0.005,0,0.044,0.589,0.356,0.595,0.319,0.546,0.517,0.666,0.1,0.248,0.147,2.9,26.2
Half Moon Bay,San Mateo,42,17,99.292,106.529,3.083003,0.251,73.955,774,2.972,0.768,2.032,14.455,106.211,64.853,1.977725857,12.697,0.008,0.002,0.061,0.006,0.03,0.276,0.617,0.286,0.251,0.714,0.321,0.858,0.483,0.069,0.04,2.49,29.8
Hanford,Kings,367,259,60.368,81.013,23.642275,0.43,36.277,174.3,1.411,0.394,0.934,13.652,51.231,23.3,3.34822182,55.547,0.047,0.007,0.045,0.001,0.041,0.473,0.387,0.527,0.145,0.544,0.35,0.822,0.182,0.114,0.197,3.04,20.2
Hawaiian Gardens,Los Angeles,181,54,66.982,102.689,6.986051,0.482,27.329,288.2,1.6,0.399,1.16,4.168,36.026,13.538,15.23473684,14.473,0.046,0.006,0.123,0.001,0.024,0.735,0.066,0.787,0.391,0.375,0.777,0.63,0.104,0.254,0.296,3.77,26.3
Hawthorne,Los Angeles,393,219,92.456,123.418,33.302354,0.383,32.408,419.6,2.308,0.386,1.068,16.132,45.089,21.182,14.47878289,88.031,0.22,0.004,0.064,0.005,0.089,0.531,0.088,0.755,0.358,0.269,0.602,0.742,0.193,0.208,0.192,2.97,28.4
Hayward,Alameda,943,724,115.755,162.707,135.637434,0.877,41.749,404.5,2.224,0.463,1.417,11.819,68.138,27.774,3.506994704,158.937,0.11,0.007,0.246,0.022,0.06,0.389,0.165,0.506,0.389,0.51,0.576,0.808,0.264,0.127,0.125,3.24,31.8
Healdsburg,Sonoma,258,124,91.541,113.957,15.68303,1.35,52.823,596.7,2.44,0.537,1.445,19.415,69.709,41.514,2.651793722,11.827,0.001,0.003,0.012,0.001,0.045,0.316,0.622,0.32,0.189,0.583,0.268,0.889,0.411,0.137,0.077,2.42,22.2
Hemet,Riverside,310,235,77.373,112.47,34.129162,0.412,34.802,139.4,1.319,0.406,0.979,10.432,35.609,17.751,3.026247756,84.281,0.08,0.01,0.027,0.003,0.05,0.398,0.433,0.488,0.148,0.558,0.291,0.793,0.112,0.182,0.244,2.78,33.3
Hercules,Contra Costa,158,66,86.756,110.548,9.399586,0.375,60.013,422.2,2.388,0.67,1.693,2.738,103.044,38.133,4.08373591,25.36,0.18,0.002,0.467,0.001,0.072,0.13,0.147,0.312,0.354,0.789,0.469,0.926,0.433,0.084,0.051,3.06,40.7
Hermosa Beach,Los Angeles,249,114,82.551,100.476,18.445598,0.935,100.804,1166.8,NA,0.598,1.963,8.152,121.345,87.379,13.83846154,19.789,0.013,0.009,0.047,0,0.042,0.078,0.812,0.1,0.098,0.473,0.097,0.991,0.735,0.048,0.046,2.14,32.2
Hesperia,San Bernardino,240,128,57.092,70.867,13.51572,0.145,36.364,172.8,1.319,0.352,1.079,6.685,46.446,17.037,1.282134063,93.724,0.054,0.018,0.016,0.002,0.028,0.534,0.349,0.606,0.167,0.616,0.325,0.762,0.096,0.16,0.248,3.53,36.4
Hidden Hills,Los Angeles,4,4,83.621,98.364,0.41861,0.266,156.25,172.8,1.319,0.352,1.079,6.685,46.446,17.037,1.282134063,93.724,0.054,0.018,0.016,0.002,0.028,0.534,0.349,0.606,0.167,0.616,0.325,0.762,0.096,0.16,0.248,3.53,36.4
Highland,San Bernardino,50,28,67.175,90.02,3.797086,0.069,38.022,269,1.83,0.443,0.969,4.337,53.504,22.307,2.93008,54.939,0.084,0.01,0.087,0,0.05,0.471,0.298,0.565,0.222,0.64,0.43,0.764,0.2,0.143,0.207,3.51,25.6
Hillsborough,San Mateo,109,76,104.77,142.637,13.110333,1.158,151.372,NA,NA,NA,2.483,NA,216.292,116.164,1.846688207,11.431,0.016,0.001,0.272,0,0.062,0.045,0.603,0.062,0.227,0.92,0.276,0.975,0.771,0.02,0.028,3.05,28.1
Hollister,San Benito,248,3,27.302,28.428,17.005848,0.46,42.212,365.9,2.144,0.534,1.315,8.815,71.948,24.102,5.189711934,37.833,0.008,0.01,0.023,0.002,0.051,0.644,0.263,0.662,0.223,0.588,0.447,0.746,0.15,0.135,0.119,3.54,32.6
Holtville,Imperial,49,20,47.353,56.816,1.420103,0.227,31.563,150.9,1.254,0.346,0.716,1.542,28.115,13.867,5.595652174,6.435,0.003,0.02,0.012,0,0.027,0.74,0.198,0.763,0.314,0.559,0.739,0.579,0.132,0.102,0.325,3.58,27.2
Hughson,Stanislaus,36,13,53.929,85.616,1.459273,0.203,54.811,256.3,1.711,0.518,1.125,3.16,54.352,26.166,4.075274725,7.417,0.022,0.004,0.07,0.007,0.029,0.265,0.603,0.291,0.116,0.645,0.263,0.804,0.199,0.12,0.184,3.05,28.5
Huntington Beach,Orange,1661,829,107.786,148.079,150.198491,0.755,61.774,659.7,2.651,0.568,1.686,12.868,85.312,43.863,7.501009346,200.652,0.012,0.004,0.113,0.004,0.045,0.192,0.63,0.208,0.165,0.584,0.225,0.923,0.419,0.103,0.09,2.62,28.6
Huntington Park,Los Angeles,280,128,85.472,112.842,17.740451,0.301,24.19,322.3,1.754,0.403,0.961,10.612,35.629,12.767,19.56112957,58.879,0.006,0.003,0.007,0.003,0.01,0.957,0.015,0.966,0.483,0.255,0.94,0.427,0.061,0.272,0.289,3.98,30.3
Huron,Fresno,43,15,43.829,47.566,1.239521,0.181,26.159,119.1,0.998,0.385,0.663,2.699,25.321,10.135,4.365408805,6.941,0,0,0,0,0.011,0.968,0.021,0.968,0.527,0.315,0.937,0.247,0.015,0.283,0.39,4.04,28.2
Imperial,Imperial,117,57,59.857,63.357,4.269975,0.257,53.295,194.2,1.683,0.451,1.233,5.62,85.503,24.433,2.935665529,17.203,0.027,0.009,0.022,0.002,0.058,0.725,0.157,0.761,0.221,0.746,0.632,0.849,0.209,0.12,0.053,3.8,19.9
Imperial Beach,San Diego,167,68,69.08,84.032,7.805824,0.287,35.292,380.9,2.023,0.39,1.255,1.689,48.01,21.239,6.590865385,27.418,0.033,0.008,0.084,0.007,0.072,0.486,0.311,0.527,0.215,0.308,0.482,0.812,0.169,0.181,0.195,2.96,26.7
Indian Wells,Riverside,37,26,96.636,133.038,4.45817,0.858,111.987,667,3.173,1.247,0.725,5.619,96.961,96.234,0.37325419,5.345,0.012,0,0.058,0,0.015,0.028,0.887,0.04,0.147,0.859,0.119,0.945,0.559,0.043,0.049,1.87,27.3
Indio,Riverside,289,192,88.922,114.607,27.599371,0.323,33.723,230.3,1.681,0.56,1.055,10.882,49.551,22.249,3.032488005,88.488,0.029,0.01,0.024,0.001,0.028,0.659,0.249,0.698,0.274,0.645,0.565,0.742,0.16,0.212,0.189,3.1,22.9
Inglewood,Los Angeles,837,509,83.551,153.578,98.181529,0.884,32.486,355.3,1.922,0.434,1.141,10.972,44.377,21.013,12.2,110.654,0.417,0.006,0.013,0.003,0.036,0.489,0.036,0.912,0.282,0.347,0.509,0.734,0.189,0.21,0.207,2.98,30.5
Ione,Amador,49,15,70.957,77.44,1.461957,0.207,49.083,243.1,1.698,0.496,1.067,1.14,57.423,14.899,1.473165618,7.027,0.114,0.021,0.013,0.002,0.032,0.241,0.577,0.376,0.094,0.746,0.247,0.731,0.129,0.068,0.141,2.34,26.9
Irvine,Orange,1800,741,97.016,136.152,123.310514,0.499,82.014,718.8,2.901,0.721,1.997,18.499,93.823,45.14,4.025442444,266.122,0.021,0.001,0.41,0.002,0.049,0.096,0.421,0.118,0.39,0.478,0.483,0.966,0.68,0.066,0.127,2.66,24.9
Irwindale,Los Angeles,172,67,83.069,113.358,10.375788,7.866,38.438,718.8,2.901,0.721,1.997,18.499,93.823,45.14,4.025442444,266.122,0.021,0.001,0.41,0.002,0.049,0.096,0.421,0.118,0.39,0.478,0.483,0.966,0.68,0.066,0.127,2.66,24.9
Jackson,Amador,83,28,63.585,90.309,2.984187,0.644,36.654,718.8,2.901,0.721,1.997,18.499,93.823,45.14,4.025442444,266.122,0.021,0.001,0.41,0.002,0.049,0.096,0.421,0.118,0.39,0.478,0.483,0.966,0.68,0.066,0.127,2.66,24.9
Jurupa Valley,Riverside,19,9,108.32,114.726,1.186978,0.011,36.629,270.7,1.654,0.468,1.141,3.942,58.849,19.236,NA,103.541,0.028,0.013,0.028,0.003,0.036,0.666,0.226,0.707,0.264,0.635,0.566,0.687,0.107,0.216,0.178,3.92,31.5
Kerman,Fresno,117,53,59.897,74.385,4.762569,0.33,29.271,191.1,1.474,0.417,0.793,5.133,42.046,15.555,4.518266254,14.594,0,0.001,0.047,0,0.054,0.774,0.125,0.775,0.348,0.544,0.701,0.563,0.082,0.182,0.249,3.79,23.4
King City,Monterey,110,23,72.332,86.186,3.130166,0.231,24.37,216.9,1.44,0.409,0.995,12.407,38.766,14.216,3.602337662,13.869,0.009,0.004,0.014,0,0.021,0.879,0.074,0.892,0.495,0.446,0.859,0.432,0.044,0.279,0.254,4.35,20.7
Kingsburg,Fresno,135,38,67.393,79.611,4.167867,0.355,45.654,230.1,1.498,0.519,0.886,7.592,61.925,24.603,4.172084806,11.807,0.001,0.008,0.023,0,0.046,0.389,0.533,0.398,0.092,0.646,0.228,0.893,0.297,0.158,0.178,3.01,23.9
La Canada Flintridge,Los Angeles,47,25,90.912,106.674,3.278805,0.16,102.309,230.1,1.498,0.519,0.886,7.592,61.925,24.603,4.172084806,11.807,0.001,0.008,0.023,0,0.046,0.389,0.533,0.398,0.092,0.646,0.228,0.893,0.297,0.158,0.178,3.01,23.9
Lafayette,Contra Costa,118,33,93.009,117.916,5.805547,0.228,135.127,1127.4,NA,0.777,1.816,10.395,142.977,76.726,1.715045992,26.103,0.011,0.001,0.098,0,0.055,0.071,0.764,0.083,0.135,0.726,0.142,0.978,0.726,0.028,0.053,2.67,30.8
Laguna Beach,Orange,641,234,97.72,128.554,37.791033,1.628,100.484,1390.5,3.83,0.816,2.028,8.729,100.506,80.303,2.620338983,23.19,0.009,0.001,0.043,0.004,0.025,0.077,0.841,0.087,0.13,0.607,0.133,0.977,0.665,0.081,0.074,2.13,27.5
Laguna Hills,Orange,71,25,86.214,105.13,4.315757,0.138,60.636,628.8,2.618,0.708,1.862,14.625,92.69,45.139,4.723988006,31.509,0.019,0.007,0.144,0.004,0.045,0.207,0.575,0.233,0.269,0.697,0.333,0.913,0.467,0.107,0.08,2.97,24.7
Laguna Niguel,Orange,191,56,81.239,107.689,7.83281,0.12,79.706,712,2.887,0.703,1.908,19.456,97.894,52.025,4.405124747,65.328,0.02,0.007,0.09,0.002,0.057,0.164,0.661,0.191,0.2,0.7,0.233,0.96,0.545,0.059,0.067,2.6,29.4
Laguna Woods,Orange,15,6,81.519,94.73,0.845574,0.051,47.434,228.7,1.567,0.803,1.537,8.134,39.201,39.339,5.215384615,16.272,0.006,0,0.161,0.001,0.01,0.046,0.776,0.052,0.314,0.759,0.252,0.95,0.425,0.084,0.108,1.45,25.8
La Habra,Orange,526,250,68.728,88.057,28.14454,0.456,41.2,436.2,2.09,0.479,1.353,14.857,65.799,27.292,8.366892809,61.664,0.01,0.005,0.108,0.001,0.04,0.571,0.266,0.586,0.286,0.543,0.49,0.82,0.255,0.163,0.137,3.23,30.5
La Habra Heights,Los Angeles,85,8,63.258,81.034,1.592348,0.294,79.526,893.2,3.567,0.758,2.35,NA,110.329,58.862,0.878409091,5.411,0.001,0.001,0.255,0.005,0.016,0.166,0.556,0.168,0.252,0.936,0.37,0.943,0.478,0.096,0.035,2.95,36.9
Lake Elsinore,Riverside,126,66,64.651,83.714,7.191812,0.119,42.404,259.7,1.866,0.534,1.304,14.196,63.306,21.191,1.77312897,64.205,0.043,0.003,0.042,0.006,0.069,0.503,0.335,0.549,0.215,0.62,0.395,0.79,0.167,0.142,0.15,3.75,44.1
Lake Forest,Orange,204,56,85.053,104.09,8.440208,0.104,62.691,550.6,2.387,0.591,1.777,13.545,92.415,39.913,4.671156004,83.24,0.022,0.006,0.15,0.003,0.041,0.229,0.55,0.257,0.233,0.699,0.305,0.921,0.451,0.098,0.076,2.91,25.9
Lakewood,Los Angeles,599,167,75.641,91.807,21.794106,0.268,54.444,445.8,2.174,0.397,1.538,13.663,82.175,30.73,8.613375796,81.138,0.069,0.005,0.172,0.016,0.056,0.325,0.357,0.399,0.221,0.717,0.345,0.888,0.284,0.102,0.075,3.12,29.2
La Mesa,San Diego,381,216,89.545,127.863,31.301944,0.529,46.481,421.2,2.06,0.445,1.312,18.403,56.693,31.238,6.602202643,59.948,0.075,0.007,0.054,0.005,0.071,0.249,0.54,0.331,0.15,0.412,0.238,0.917,0.354,0.131,0.12,2.45,24.2
La Mirada,Los Angeles,380,75,64.354,96.819,11.073458,0.225,52.373,448.4,2.186,0.446,1.642,7.997,81.956,29.856,6.27755102,49.216,0.02,0.003,0.192,0.002,0.052,0.397,0.332,0.42,0.238,0.772,0.431,0.891,0.298,0.101,0.072,3.19,31
Lancaster,Los Angeles,735,228,73.056,109.477,32.711002,0.204,38.204,186,1.563,0.466,1.085,9.822,47.684,19.212,1.69819686,160.106,0.209,0.004,0.039,0.003,0.044,0.376,0.326,0.589,0.129,0.548,0.232,0.814,0.155,0.13,0.242,3.19,32.3
La Palma,Orange,110,37,89.903,102.48,5.796465,0.366,55,602,2.416,0.503,1.5,7.432,83.76,34.615,8.714917127,15.774,0.057,0.007,0.456,0.008,0.034,0.168,0.27,0.232,0.33,0.679,0.421,0.916,0.419,0.16,0.074,3.17,29.2
La Puente,Los Angeles,84,22,60.717,82.267,2.870003,0.071,30.884,343,1.731,0.383,1.176,6.054,57.174,16.897,11.60258621,40.377,0.011,0.006,0.106,0.002,0.026,0.818,0.032,0.835,0.408,0.568,0.799,0.613,0.104,0.227,0.172,4.44,30.9
La Quinta,Riverside,146,56,71.428,90.217,7.673035,0.192,50.224,360.9,1.986,0.79,1.381,16.434,71.338,41.41,1.166173121,40.956,0.019,0,0.031,0,0.04,0.336,0.574,0.355,0.15,0.697,0.251,0.897,0.355,0.153,0.105,2.61,23.4
Larkspur,Marin,104,37,78.142,102.434,7.094189,0.578,90.25,1117.8,3.895,0.873,1.89,16.584,91.848,72.206,4.086468647,12.382,0.018,0.004,0.053,0.002,0.038,0.08,0.805,0.102,0.176,0.478,0.171,0.968,0.66,0.047,0.048,2.05,29.7
Lathrop,San Joaquin,104,61,74.282,97.375,7.454359,0.366,42.859,250.4,1.744,0.53,1.602,9.252,65.699,19.866,1.006520748,22.073,0.078,0.002,0.223,0.004,0.079,0.4,0.213,0.48,0.309,0.689,0.512,0.775,0.152,0.151,0.126,3.82,43.2
La Verne,Los Angeles,346,152,106.6,129.503,22.108427,0.689,53.834,500.3,2.353,0.548,1.407,11.345,78.385,36.002,3.842111507,32.389,0.043,0.007,0.074,0.001,0.049,0.335,0.491,0.385,0.149,0.732,0.233,0.908,0.385,0.072,0.08,2.81,30.6
Lawndale,Los Angeles,158,43,71.721,74.062,5.111219,0.154,36.35,401.7,1.993,0.459,1.34,6.291,51.934,20.809,16.8248731,33.145,0.089,0.004,0.095,0.012,0.084,0.578,0.137,0.671,0.369,0.334,0.632,0.733,0.168,0.228,0.156,3.37,26.1
Lemon Grove,San Diego,79,44,90.886,95.537,5.322324,0.201,39.899,346.4,1.964,0.377,1.188,15.854,58.694,23.125,6.922680412,26.86,0.116,0.012,0.063,0.008,0.055,0.427,0.319,0.555,0.211,0.548,0.418,0.8,0.163,0.168,0.136,3.07,26.6
Lemoore,Kings,173,100,50.133,63.033,8.160868,0.324,31.34,189.1,1.588,0.375,0.868,4.2,50.871,22.413,3.026408451,25.785,0.046,0.009,0.082,0.005,0.051,0.412,0.395,0.467,0.155,0.499,0.33,0.842,0.162,0.114,0.165,2.97,21.6
Lincoln,Placer,258,142,78.798,95.543,16.244362,0.355,52.442,363.3,1.982,0.607,1.601,6.037,76.354,34.442,2.338637494,47.03,0.016,0.005,0.065,0.004,0.035,0.19,0.685,0.211,0.131,0.772,0.19,0.93,0.344,0.089,0.085,2.66,29.2
Lindsay,Tulare,169,43,47.382,61.108,4.262544,0.326,26.316,122.3,1.092,0.342,0.705,3.337,30.317,11.192,5.074712644,13.245,0.004,0.008,0.014,0,0.021,0.866,0.087,0.878,0.342,0.505,0.803,0.488,0.057,0.203,0.378,3.68,23.7
Live Oak,Sutter,86,16,51.801,69.656,2.843048,0.334,31.619,152,1.311,0.373,0.784,2.408,41.919,18.095,4.705882353,8.8,0.005,0.024,0.092,0,0.047,0.546,0.286,0.575,0.299,0.646,0.563,0.62,0.092,0.198,0.239,3.49,27.7
Livermore,Alameda,511,337,103.996,142.713,56.415874,0.652,67.608,595.5,2.675,0.555,1.673,14.506,104.223,44.899,3.540524434,89.115,0.012,0.003,0.1,0.004,0.06,0.2,0.621,0.215,0.162,0.7,0.211,0.913,0.408,0.068,0.054,2.8,31
Livingston,Merced,134,46,58.085,77.032,4.581131,0.334,27.151,173.1,1.406,0.383,0.933,3.973,55.226,16.05,3.752956989,13.961,0.006,0.007,0.207,0,0.019,0.719,0.043,0.732,0.43,0.596,0.879,0.546,0.114,0.155,0.187,4.1,20.3
Lodi,San Joaquin,732,372,77.453,109.087,49.297057,0.772,37.365,252.9,1.653,0.426,1.001,15.396,51.139,24.267,4.74952241,64.641,0.009,0.004,0.082,0.004,0.107,0.325,0.469,0.338,0.196,0.54,0.354,0.799,0.192,0.146,0.165,2.82,23.5
Loma Linda,San Bernardino,93,68,80.991,91.727,8.538585,0.357,40.417,291.6,1.884,0.539,1.136,9.344,51.39,28.952,3.208643617,24.129,0.11,0.003,0.255,0.001,0.038,0.256,0.337,0.369,0.315,0.329,0.432,0.897,0.471,0.121,0.201,2.64,21.9
Lomita,Los Angeles,99,32,61.591,77.5,3.607202,0.174,50.332,532.3,2.199,0.485,1.282,6.818,61.58,32.36,10.83403141,20.693,0.036,0.004,0.147,0.002,0.085,0.312,0.414,0.352,0.216,0.45,0.333,0.88,0.295,0.168,0.131,2.56,25.6
Lompoc,Santa Barbara,606,320,63.847,85.256,34.134324,0.781,32.431,250.3,1.645,0.389,0.99,8.597,46.728,20.613,3.768275862,43.712,0.053,0.016,0.034,0.005,0.078,0.495,0.32,0.564,0.202,0.436,0.398,0.763,0.13,0.166,0.202,2.95,24.2
Long Beach,Los Angeles,6296,3939,86.025,115.678,546.173596,1.162,41.4,448.8,2.17,0.467,1.15,8.087,55.151,27.752,9.348379399,470.13,0.125,0.012,0.125,0.009,0.053,0.409,0.267,0.546,0.26,0.398,0.459,0.795,0.295,0.159,0.203,2.81,29.9
Loomis,Placer,25,7,58.768,89.79,0.947111,0.141,55.901,318.6,1.795,0.498,1.451,12.484,78.099,39.12,0.930811554,6.767,0.002,0.014,0.01,0,0.029,0.043,0.902,0.059,0.014,0.673,0.041,0.963,0.288,0.163,0.048,2.73,27.9
Los Alamitos,Orange,180,48,97.33,117.134,7.133126,0.611,61.443,680.1,2.481,0.518,1.644,14.642,80.926,36.909,2.87308642,11.636,0.038,0.005,0.125,0.004,0.096,0.23,0.502,0.273,0.145,0.448,0.217,0.913,0.407,0.11,0.092,2.75,28.9
Los Altos,Santa Clara,215,100,108.506,132.059,17.628315,0.582,181.794,NA,NA,1.047,2.611,NA,187.656,96.464,4.708936826,30.561,0.002,0.001,0.273,0,0.057,0.033,0.634,0.036,0.254,0.832,0.293,0.986,0.809,0.017,0.033,2.75,23.7
Los Altos Hills,Santa Clara,41,19,84.22,113.673,2.327785,0.277,193.512,NA,NA,NA,1.962,NA,243.701,140.161,0.966022727,8.501,0.007,0,0.299,0.002,0.026,0.039,0.627,0.046,0.323,0.902,0.364,0.976,0.846,0.014,0.042,2.68,24.3
Los Angeles,Los Angeles,49485,33380,101.907,114.619,4332.76231,1.105,37.672,496.3,2.464,0.632,1.241,10.409,51.538,29.878,8.484268248,3976.322,0.088,0.007,0.114,0.002,0.035,0.476,0.279,0.571,0.378,0.366,0.598,0.759,0.325,0.204,0.215,2.83,30.5
Los Banos,Merced,227,133,62.49,99.468,15.240071,0.411,40.309,179.5,1.405,0.402,1.082,7.36,45.751,17.554,3.768068068,37.643,0.019,0.006,0.03,0.001,0.045,0.674,0.224,0.699,0.256,0.531,0.505,0.694,0.112,0.16,0.229,3.45,41.7
Los Gatos,Santa Clara,233,147,86.099,121.582,21.040499,0.69,126.765,1338.4,NA,0.892,1.91,NA,127.278,74.855,2.756768953,30.545,0.013,0.002,0.14,0.001,0.044,0.064,0.737,0.079,0.192,0.655,0.201,0.97,0.655,0.054,0.052,2.48,28.1
Lynwood,Los Angeles,201,120,54.995,108.847,15.356446,0.215,26.817,312.1,1.77,0.43,1.056,4.557,43.848,13.629,14.70805785,71.187,0.086,0.007,0.008,0.002,0.015,0.86,0.022,0.953,0.392,0.42,0.836,0.531,0.06,0.249,0.243,4.47,30.6
Madera,Madera,658,229,58.068,87.76,24.514365,0.386,31.298,165.6,1.237,0.37,0.948,8.88,40.034,15.131,4.081317289,64.444,0.032,0.007,0.022,0.001,0.037,0.756,0.146,0.795,0.317,0.468,0.631,0.598,0.084,0.162,0.263,3.71,23.9
Malibu,Los Angeles,157,53,77.026,105.386,7.778434,0.605,105.542,1802.8,NA,1.216,2.679,14.887,116.904,104.155,0.650783224,12.879,0.015,0,0.036,0.001,0.048,0.074,0.826,0.089,0.17,0.706,0.149,0.972,0.614,0.083,0.105,2.28,34.8
Mammoth Lakes,Mono,148,64,75.863,102.728,7.889401,0.981,32.393,334,2.132,0.644,1.181,13.59,60.899,30.939,0.321431444,7.994,0.007,0.005,0.017,0,0.027,0.349,0.595,0.361,0.23,0.396,0.342,0.808,0.326,0.299,0.07,2.82,12.8
Manhattan Beach,Los Angeles,552,247,97.969,126.488,43.565451,1.224,125.086,1537.2,NA,0.811,2.232,21.605,144.868,87.206,9.071319797,35.741,0.01,0.007,0.095,0,0.062,0.081,0.745,0.098,0.11,0.685,0.148,0.982,0.75,0.03,0.037,2.57,29.9
Manteca,San Joaquin,680,319,83.361,120.534,49.025212,0.666,45.092,274.2,1.811,0.458,1.251,11.595,64.502,24.532,4.337732657,76.908,0.038,0.008,0.074,0.005,0.065,0.39,0.421,0.436,0.168,0.579,0.306,0.824,0.15,0.098,0.116,3.15,34.5
Marina,Monterey,143,71,110.091,136.554,10.865323,0.521,41.81,392.5,2.138,0.46,1.198,10.317,57.135,26.525,2.442342342,21.688,0.061,0.008,0.171,0.027,0.123,0.247,0.362,0.316,0.231,0.407,0.361,0.834,0.303,0.137,0.171,2.65,24
Martinez,Contra Costa,270,94,93.006,123.801,15.844515,0.422,68.505,462.3,2.279,0.53,1.55,8.449,93.874,43.405,3.154080791,38.259,0.024,0.006,0.073,0.004,0.057,0.159,0.676,0.189,0.114,0.663,0.153,0.942,0.376,0.052,0.055,2.51,31
Marysville,Yuba,113,44,60.436,80.22,4.546098,0.373,33.316,145.2,1.283,0.377,0.881,19.159,41.679,18.806,3.54017341,12.249,0.043,0.009,0.043,0.001,0.071,0.279,0.554,0.331,0.112,0.36,0.195,0.824,0.156,0.14,0.251,2.57,23.2
Maywood,Los Angeles,20,13,45.76,57.431,1.143555,0.041,25.34,325.6,1.689,0.345,0.98,3.871,36.696,12.726,23.41779661,27.633,0.004,0.001,0.001,0,0.009,0.97,0.015,0.975,0.461,0.253,0.929,0.423,0.054,0.277,0.269,4.21,30
McFarland,Kern,68,34,51.352,70.911,3.62165,0.27,26.615,136.7,1.045,0.271,0.849,2.939,33.687,9.668,5.447191011,14.544,0.011,0.002,0,0.001,0.022,0.931,0.034,0.944,0.362,0.568,0.877,0.457,0.028,0.21,0.377,4.24,20.5
Mendota,Fresno,74,28,50.188,60.736,2.589314,0.227,25.215,114.5,1.07,0.193,0.725,4.241,26.094,8.682,3.481097561,11.418,0.004,0.003,0,0,0.021,0.962,0.01,0.969,0.524,0.342,0.866,0.291,0.01,0.275,0.495,4.03,30.9
Menifee,Riverside,107,53,75.019,98.588,6.41772,0.075,44.782,244.7,1.711,0.411,1.337,5.122,57.598,24.183,1.905121584,88.531,0.056,0.005,0.054,0.003,0.05,0.357,0.476,0.418,0.155,0.736,0.25,0.857,0.174,0.118,0.115,3.03,40.3
Menlo Park,San Mateo,526,260,88.065,123.42,36.910532,1.107,124.135,1581.7,NA,1.004,1.934,13.328,126.045,74.162,3.461491318,33.888,0.054,0.002,0.125,0.015,0.047,0.157,0.601,0.213,0.241,0.579,0.311,0.932,0.706,0.045,0.081,2.73,23.9
Merced,Merced,576,370,69.959,98.101,44.454421,0.545,33.141,170.5,1.33,0.417,0.855,11.704,39.307,18.415,3.541766724,82.594,0.055,0.007,0.114,0,0.048,0.494,0.283,0.556,0.214,0.408,0.453,0.747,0.176,0.126,0.306,3.16,23.2
Millbrae,San Mateo,150,54,77.558,102.218,8.303592,0.368,65.045,1037.4,3.43,0.664,1.936,8.334,98.533,46.539,6.972615385,22.661,0.006,0.004,0.478,0.002,0.043,0.14,0.328,0.15,0.38,0.618,0.503,0.914,0.464,0.065,0.053,2.75,28.9
Mill Valley,Marin,440,122,82.493,106.602,18.978264,1.325,143.451,1201.6,3.993,0.919,1.968,13.749,149.336,99.322,3.014705882,14.35,0.003,0.003,0.036,0,0.05,0.078,0.83,0.084,0.124,0.688,0.137,0.984,0.787,0.024,0.035,2.36,31.6
Milpitas,Santa Clara,614,287,126.812,187.11,61.691916,0.839,65.883,635.3,2.77,0.611,1.995,16.464,103.623,37.051,5.704782929,77.528,0.021,0.004,0.66,0.006,0.04,0.151,0.119,0.176,0.528,0.641,0.683,0.871,0.453,0.071,0.086,3.33,26.4
Mission Viejo,Orange,300,117,80.176,108.647,15.811865,0.164,72.665,608.1,2.573,0.499,1.997,18.119,104.886,44.684,5.433821871,96.396,0.016,0.002,0.099,0.002,0.051,0.167,0.664,0.185,0.197,0.771,0.236,0.943,0.472,0.073,0.047,2.81,27.7
Modesto,Stanislaus,1717,906,70.287,92.28,117.972413,0.565,41.963,208,1.529,0.448,1.034,11.534,50.996,24.006,5.7546786,212.175,0.038,0.007,0.072,0.01,0.047,0.375,0.451,0.42,0.176,0.538,0.343,0.815,0.184,0.128,0.182,2.89,26.9
Monrovia,Los Angeles,410,195,93.08,121.344,30.185866,0.813,46.106,583.3,2.422,0.549,1.318,21.091,67.167,35.161,2.727847171,37.126,0.07,0.003,0.134,0.002,0.05,0.365,0.376,0.438,0.248,0.467,0.396,0.894,0.369,0.141,0.088,2.77,31
Montclair,San Bernardino,357,158,74.952,102.889,21.018097,0.548,31.559,281.1,1.631,0.357,1.17,26.739,50.374,18.359,7.055072464,38.944,0.033,0.005,0.097,0.003,0.031,0.685,0.146,0.723,0.333,0.574,0.62,0.709,0.143,0.192,0.178,3.62,31
Montebello,Los Angeles,609,325,58.957,80.705,44.598288,0.703,30.683,413.9,1.936,0.426,1.157,12.921,47.518,21.217,7.603241297,63.335,0.013,0.011,0.128,0.001,0.024,0.741,0.083,0.765,0.367,0.449,0.699,0.716,0.19,0.225,0.145,3.18,34.8
Monterey,Monterey,983,384,85.991,122.865,59.656948,2.095,51.745,664.3,2.416,0.581,1.531,16.017,68.511,39.462,3.359386068,28.454,0.036,0.005,0.07,0.003,0.06,0.177,0.65,0.218,0.168,0.35,0.235,0.942,0.495,0.123,0.086,2.19,15.4
Monterey Park,Los Angeles,558,246,92.421,129.046,37.392014,0.612,36.382,532.7,2.263,0.46,1.244,6.558,54.008,26.419,7.962842243,61.075,0.004,0.006,0.642,0.005,0.025,0.28,0.039,0.29,0.539,0.522,0.76,0.789,0.309,0.152,0.166,3.1,30.1
Moorpark,Ventura,111,44,78.017,103.722,6.677599,0.187,58.908,567.3,2.637,0.631,1.797,6.478,100.457,39.247,2.899920509,36.481,0.011,0.004,0.074,0.006,0.032,0.3,0.574,0.315,0.177,0.734,0.27,0.884,0.397,0.089,0.059,3.29,26.8
Moraga,Contra Costa,49,33,117.849,129.958,4.547792,0.267,146.989,971.7,3.395,0.818,1.909,6.902,136.336,63.143,1.846871686,17.416,0.028,0.001,0.171,0,0.057,0.085,0.659,0.114,0.144,0.828,0.211,0.988,0.745,0.047,0.046,2.68,32.5
Moreno Valley,Riverside,533,241,73.313,98.196,32.37527,0.16,35.015,231.4,1.544,0.425,1.298,8.503,56.456,18.796,4.008172421,205.499,0.176,0.006,0.058,0.007,0.031,0.552,0.17,0.734,0.243,0.596,0.503,0.756,0.152,0.192,0.186,3.91,34.3
Morgan Hill,Santa Clara,471,162,113.896,147.579,29.684311,0.709,74.423,678.9,2.975,0.719,1.7,NA,100.9,44.484,3.42818323,44.155,0.023,0.005,0.097,0.002,0.066,0.329,0.479,0.357,0.181,0.7,0.292,0.899,0.401,0.083,0.086,2.98,33.7
Morro Bay,San Luis Obispo,315,81,74.877,99.137,11.10074,1.055,41.475,495.9,2.079,0.478,1.337,11.147,53.348,33.352,2.009056604,10.648,0.014,0.01,0.021,0,0.027,0.139,0.79,0.163,0.107,0.542,0.147,0.917,0.38,0.168,0.103,2.1,21.1
Mountain View,Santa Clara,1018,478,119.235,168.082,99.141918,1.257,101.527,973,3.243,0.766,1.912,15.956,109.249,61.668,6.703916667,80.447,0.018,0.004,0.278,0.005,0.048,0.2,0.447,0.222,0.389,0.408,0.454,0.927,0.657,0.083,0.087,2.39,22.5
Murrieta,Riverside,393,239,110.612,152.302,41.11683,0.378,53.105,339.8,2.189,0.547,1.548,10.137,76.149,29.275,3.325610482,111.674,0.063,0.006,0.085,0.005,0.078,0.268,0.494,0.337,0.144,0.666,0.224,0.922,0.287,0.114,0.093,3.31,35.6
Napa,Napa,703,341,95.495,134.086,67.291278,0.845,44.418,476.8,2.221,0.563,1.428,14.403,71.087,34.07,4.507623318,80.416,0.008,0.012,0.027,0.001,0.03,0.39,0.532,0.41,0.227,0.553,0.368,0.821,0.3,0.12,0.087,2.76,21.6
National City,San Diego,460,278,76.566,104.858,36.92599,0.611,30.057,317.3,1.698,0.326,1.04,23.505,42.178,17.878,8.399313187,61.147,0.05,0.003,0.186,0.004,0.029,0.632,0.096,0.685,0.413,0.319,0.702,0.724,0.142,0.25,0.241,3.54,26.4
Newark,Alameda,553,128,114.206,142.633,24.417507,0.546,52.697,547.8,2.354,0.46,1.744,15.686,91.965,34.318,3.300432277,45.81,0.047,0.005,0.288,0.008,0.072,0.327,0.253,0.379,0.344,0.699,0.533,0.886,0.303,0.084,0.069,3.29,29.6
Newman,Stanislaus,52,37,55.231,65.925,3.163703,0.292,34.359,159.6,1.255,0.382,1.021,3.807,51.455,18.451,5.296666667,11.123,0.022,0.001,0.019,0.001,0.02,0.681,0.256,0.704,0.264,0.607,0.574,0.757,0.094,0.242,0.186,3.36,33.4
Newport Beach,Orange,1208,690,111.659,151.512,126.269546,1.454,93.887,1584.9,NA,1.091,2.058,33.139,115.845,84.134,3.640823184,86.688,0.006,0.002,0.076,0.002,0.034,0.083,0.796,0.091,0.148,0.559,0.17,0.977,0.657,0.072,0.066,2.29,24.6
Norco,Riverside,173,42,61.794,92.392,5.562051,0.207,53.972,445.7,2.403,0.574,1.811,12.317,87.067,30.612,1.913610315,26.714,0.041,0.004,0.035,0.003,0.053,0.307,0.558,0.352,0.132,0.792,0.26,0.827,0.175,0.105,0.079,3.32,38.8
Norwalk,Los Angeles,577,262,61.549,86.288,28.560642,0.268,36.103,350.6,1.848,0.378,1.384,10.364,61.05,20.046,10.93491246,106.178,0.042,0.007,0.13,0.003,0.028,0.68,0.11,0.729,0.345,0.63,0.668,0.734,0.16,0.187,0.148,3.82,30
Novato,Marin,435,155,92.291,115.901,23.786453,0.434,62.47,625.9,2.765,0.631,1.764,15.652,83.895,49.236,2.040962099,56.004,0.022,0.002,0.066,0.001,0.054,0.188,0.667,0.212,0.195,0.666,0.248,0.937,0.459,0.075,0.074,2.49,31.8
Oakdale,Stanislaus,140,60,67.569,104.489,8.004469,0.367,42.135,251.1,1.708,0.46,0.937,12.993,51.654,24.483,3.729586777,22.564,0.014,0.002,0.018,0,0.037,0.288,0.642,0.304,0.086,0.58,0.211,0.877,0.164,0.082,0.161,2.83,27.9
Oakland,Alameda,5483,2928,97.848,147.578,550.158923,1.335,47.874,500.5,2.394,0.588,1.189,7.559,57.778,34.984,7.528320488,420.005,0.241,0.008,0.156,0.006,0.064,0.26,0.266,0.509,0.273,0.396,0.403,0.805,0.397,0.138,0.2,2.55,31
Oakley,Contra Costa,121,48,97.762,115.14,7.824875,0.2,55.625,324,2.041,0.579,1.498,3.348,82.584,28.288,2.562902208,40.622,0.079,0.014,0.074,0.004,0.071,0.345,0.412,0.438,0.186,0.742,0.32,0.854,0.169,0.107,0.086,3.39,40.7
Oceanside,San Diego,1197,1019,67.542,94.137,108.939307,0.626,41.836,384.1,2.115,0.506,1.454,9.795,58.949,28.452,4.255736114,175.464,0.048,0.006,0.069,0.009,0.054,0.344,0.47,0.398,0.195,0.564,0.308,0.861,0.285,0.14,0.137,2.81,28
Ojai,Ventura,124,22,63.015,81.42,3.096415,0.408,59.297,626.8,2.44,0.579,1.339,15.887,64.618,38.215,1.727790433,7.585,0.005,0.006,0.018,0,0.034,0.161,0.776,0.172,0.128,0.536,0.148,0.901,0.469,0.184,0.109,2.54,24.7
Ontario,San Bernardino,1461,974,87.575,118.372,149.863497,0.884,33.384,293,1.702,0.395,1.296,28.906,54.896,19.761,3.468402082,173.212,0.059,0.007,0.054,0.004,0.042,0.681,0.153,0.747,0.29,0.53,0.59,0.712,0.149,0.181,0.17,3.51,30.6
Orange,Orange,881,535,104.94,139.871,90.569128,0.647,47.038,565.8,2.479,0.483,1.581,15.442,79.192,31.958,5.665483871,140.504,0.015,0.005,0.11,0.003,0.03,0.386,0.452,0.406,0.24,0.571,0.406,0.84,0.34,0.147,0.128,3.13,25.4
Orange Cove,Fresno,47,20,60.193,75.684,2.465006,0.257,29.063,118.8,1.058,0.377,0.759,1.456,27.782,9.146,5.018848168,9.586,0.01,0.01,0.002,0.004,0.006,0.932,0.037,0.952,0.366,0.417,0.816,0.459,0.044,0.203,0.516,4.37,25.9
Orinda,Contra Costa,73,40,65.014,93.687,4.319958,0.228,164.023,1125,NA,0.915,2.337,3.912,178.704,94.377,1.535488959,19.47,0.012,0.005,0.129,0.001,0.053,0.057,0.743,0.074,0.164,0.873,0.169,0.986,0.804,0.029,0.026,2.74,32.5
Orland,Glenn,81,30,57.789,87.851,3.110314,0.414,30.931,196.2,1.285,0.365,0.752,13.534,39.559,16.571,2.554545455,7.587,0.002,0.005,0.032,0.002,0.005,0.5,0.454,0.507,0.211,0.527,0.501,0.725,0.121,0.118,0.26,2.94,26.1
Oroville,Butte,138,96,63.531,80.218,9.457128,0.5,36,152.9,1.169,0.323,0.773,25.441,35.457,17.75,1.465204003,19.033,0.041,0.012,0.095,0.004,0.114,0.124,0.611,0.177,0.075,0.473,0.161,0.834,0.097,0.107,0.256,2.75,19.6
Oxnard,Ventura,1709,712,84.276,112.493,126.784148,0.619,31.397,362.9,2.071,0.461,1.396,11.724,61.709,21.102,7.73172183,207.906,0.026,0.013,0.074,0.002,0.03,0.719,0.136,0.758,0.367,0.535,0.686,0.661,0.163,0.223,0.163,4,24.8
Pacifica,San Mateo,343,133,108.588,137.454,22.025974,0.567,66.615,680.5,2.784,0.494,1.937,5.088,103.545,46.043,3.085466035,39.062,0.02,0.004,0.184,0.013,0.085,0.177,0.517,0.201,0.199,0.681,0.26,0.944,0.43,0.059,0.055,2.78,30.2
Pacific Grove,Monterey,129,62,84.613,96.791,8.119232,0.522,63.26,700.5,2.817,0.483,1.478,8.891,81.304,49.287,5.443902439,15.624,0.015,0.004,0.054,0,0.039,0.116,0.773,0.135,0.119,0.478,0.17,0.955,0.533,0.104,0.067,2.24,19.1
Palmdale,Los Angeles,634,155,73.249,116.569,24.992604,0.159,39.995,207.4,1.598,0.494,1.174,10.003,52.801,19.908,1.485050963,157.356,0.123,0.007,0.042,0.002,0.05,0.565,0.211,0.695,0.261,0.634,0.411,0.74,0.15,0.152,0.206,3.6,41.8
Palm Desert,Riverside,126,103,95.082,144.352,17.105377,0.335,42.388,316.3,1.893,0.744,1.156,46.169,53.701,38.495,1.948190974,52.231,0.017,0.003,0.043,0.001,0.038,0.258,0.64,0.278,0.208,0.601,0.264,0.917,0.348,0.139,0.124,2.14,19.7
Palm Springs,Riverside,463,365,93.264,115.678,53.270824,1.14,42.129,303.1,1.799,0.661,0.973,15.97,46.059,37.343,0.506682958,47.689,0.045,0.007,0.047,0.004,0.031,0.255,0.61,0.307,0.199,0.587,0.284,0.884,0.353,0.188,0.194,1.96,21
Palo Alto,Santa Clara,1546,873,108.409,157.377,163.86914,2.458,133.424,1702.1,NA,0.832,2.283,37.083,137.043,78.721,2.806700168,67.024,0.01,0.002,0.309,0.001,0.046,0.071,0.561,0.083,0.345,0.553,0.405,0.974,0.8,0.039,0.059,2.51,23.6
Palos Verdes Estates,Los Angeles,80,57,91.132,118.063,7.568704,0.557,154.849,1609.5,NA,0.847,2.809,1.903,200.766,87.55,2.848218029,13.586,0.014,0.002,0.204,0.001,0.052,0.067,0.661,0.083,0.19,0.872,0.259,0.984,0.725,0.049,0.055,2.82,35.2
Paradise,Butte,96,41,71.106,85.058,5.189318,0.196,43.025,200.9,1.291,0.397,0.976,7.278,47.533,26.914,1.450081922,26.551,0.001,0.015,0.012,0,0.044,0.069,0.859,0.085,0.027,0.705,0.05,0.907,0.238,0.118,0.141,2.39,23.4
Paramount,Los Angeles,476,88,58.191,80.872,11.130975,0.202,30.797,283.4,1.628,0.391,1.204,5.978,46.364,15.464,11.60866808,54.909,0.093,0.007,0.025,0.007,0.026,0.795,0.047,0.895,0.381,0.388,0.775,0.589,0.091,0.214,0.221,3.9,28.4
Parlier,Fresno,65,27,55.126,67.27,2.328465,0.155,25.972,123.3,1.12,0.345,0.74,2.197,30.556,10.305,6.931050228,15.179,0,0.003,0.006,0,0.013,0.96,0.019,0.963,0.402,0.438,0.83,0.438,0.03,0.235,0.439,4.03,24.4
Pasadena,Los Angeles,2567,1485,90.275,127.58,237.950175,1.696,56.303,649.8,2.602,0.693,1.421,19.495,73.029,43.097,6.184545059,142.059,0.105,0.003,0.158,0.002,0.039,0.329,0.364,0.437,0.298,0.429,0.442,0.876,0.509,0.137,0.158,2.48,27.6
Patterson,Stanislaus,241,79,58.168,92.422,10.000066,0.471,46.377,216.5,1.693,0.441,1.304,5.599,54.195,19.527,3.659831933,21.776,0.079,0.007,0.041,0.017,0.052,0.585,0.219,0.671,0.224,0.6,0.495,0.744,0.094,0.132,0.201,3.7,38.3
Perris,Riverside,106,65,69.242,87.071,8.333452,0.113,31.65,211.4,1.535,0.432,1.28,8.543,51.315,14.765,2.431697993,76.331,0.108,0.007,0.038,0,0.025,0.713,0.108,0.828,0.295,0.6,0.611,0.654,0.089,0.205,0.236,4.47,37
Petaluma,Sonoma,113,57,81.523,111.388,6.873058,0.115,56.912,498.2,2.312,0.571,1.548,14.856,80.907,38.24,4.209318498,60.53,0.01,0.003,0.045,0.002,0.042,0.212,0.687,0.225,0.176,0.654,0.246,0.891,0.374,0.087,0.086,2.67,29.9
Pico Rivera,Los Angeles,359,120,65.703,84.848,14.041011,0.22,35.207,351.3,1.803,0.346,1.229,23.303,57.203,19.973,7.66686747,63.635,0.011,0.009,0.027,0.001,0.021,0.878,0.053,0.898,0.322,0.669,0.712,0.687,0.118,0.21,0.124,3.77,30.6
Piedmont,Alameda,415,84,121.503,171.487,16.266749,1.452,145.714,1572.7,NA,1.49,2.636,1.332,202.083,98.039,6.757738095,11.353,0.013,0.002,0.176,0.001,0.076,0.055,0.676,0.07,0.134,0.886,0.146,0.99,0.844,0.019,0.05,2.85,28
Pinole,Contra Costa,156,88,95.94,127.065,12.666924,0.665,53.052,387.5,2.102,0.492,1.558,17.615,74.124,34.133,3.626503759,19.293,0.08,0.01,0.213,0.001,0.112,0.249,0.335,0.339,0.25,0.696,0.355,0.892,0.308,0.08,0.075,2.78,35.8
Pismo Beach,San Luis Obispo,183,72,79.34,96.787,9.329098,1.168,58.79,633.3,2.683,0.573,1.431,20.889,75.978,47.33,2.277222222,8.198,0.02,0.002,0.016,0,0.03,0.069,0.863,0.091,0.056,0.579,0.101,0.959,0.422,0.095,0.073,1.97,21.9
Pittsburg,Contra Costa,443,238,90.348,128.396,36.153,0.531,46.489,280.9,1.874,0.463,1.439,7.986,63.95,24.767,4.104471545,70.679,0.167,0.004,0.167,0.014,0.078,0.389,0.181,0.56,0.322,0.554,0.502,0.79,0.198,0.13,0.154,3.27,41.2
Placentia,Orange,248,95,90.074,112.891,15.393028,0.295,49.645,554.5,2.563,0.584,1.59,6.891,80.668,32.895,7.949467275,52.228,0.011,0.001,0.167,0.001,0.039,0.363,0.418,0.375,0.253,0.655,0.389,0.854,0.367,0.117,0.102,3.14,29
Placerville,El Dorado,112,71,66.768,87.949,7.5822,0.719,36.546,270.9,1.717,0.529,1.009,29.441,42.793,25.149,1.8383821,10.681,0.006,0.014,0.007,0,0.022,0.16,0.792,0.18,0.087,0.533,0.148,0.889,0.238,0.118,0.212,2.46,24.9
Pleasant Hill,Contra Costa,123,98,97.677,133.936,15.415329,0.448,73.267,584.7,2.48,0.57,1.719,17.956,93.476,47.088,4.92970297,34.853,0.017,0.003,0.128,0.006,0.056,0.14,0.65,0.16,0.172,0.599,0.217,0.973,0.529,0.06,0.081,2.47,32.8
Pleasanton,Alameda,1012,411,119.38,171.648,83.187252,1.079,104.337,828.9,3.182,0.703,1.949,22.979,130.17,55.764,3.412277063,82.27,0.021,0.001,0.293,0.005,0.046,0.096,0.539,0.118,0.269,0.694,0.323,0.956,0.612,0.039,0.041,2.82,33.1
Pomona,Los Angeles,790,452,81.09,103.82,63.102108,0.415,31.606,310.1,1.746,0.446,1.183,5.608,50.36,17.936,6.644618736,152.494,0.064,0.014,0.089,0.003,0.039,0.677,0.114,0.755,0.337,0.522,0.649,0.682,0.173,0.211,0.215,3.77,29.9
Porterville,Tulare,686,255,54.095,78.873,26.455694,0.452,31.369,157.9,1.253,0.349,0.823,9.335,39.763,16.319,3.349119818,58.978,0.008,0.009,0.045,0.003,0.031,0.642,0.262,0.659,0.218,0.534,0.552,0.668,0.103,0.163,0.317,3.4,22.4
Port Hueneme,Ventura,165,79,76.119,102.755,10.881763,0.491,34.725,318.2,1.961,0.509,1.508,4.111,59.592,23.869,5.006067416,22.277,0.049,0.008,0.048,0.009,0.095,0.537,0.256,0.594,0.217,0.469,0.506,0.8,0.182,0.167,0.144,3.16,23.5
Poway,San Diego,388,171,74.62,113.599,25.793652,0.519,67.183,583.1,2.663,0.649,1.497,19.766,98.859,41.399,1.281397134,50.077,0.016,0.012,0.115,0.001,0.054,0.176,0.626,0.204,0.182,0.736,0.241,0.93,0.458,0.055,0.059,3.1,25.8
Rancho Cordova,Sacramento,112,62,76.066,98.197,7.723356,0.111,38.705,223.3,1.629,0.438,0.982,13.867,53.36,25.032,2.158340794,72.326,0.093,0.006,0.111,0.014,0.079,0.205,0.492,0.304,0.243,0.548,0.343,0.888,0.259,0.129,0.169,2.82,25.1
Rancho Cucamonga,San Bernardino,1057,430,71.283,95.847,58.610663,0.338,52.762,414.2,2.25,0.572,1.561,11.862,79.973,32.237,4.429962359,176.534,0.092,0.007,0.12,0.003,0.052,0.359,0.367,0.458,0.209,0.613,0.335,0.911,0.332,0.1,0.088,3.04,32.3
Rancho Mirage,Riverside,126,75,81.193,104.389,9.845129,0.55,86.4,471.3,2.436,1.003,1.245,20.125,66.083,62.76,0.744130879,18.194,0.013,0.003,0.035,0.003,0.015,0.087,0.844,0.103,0.142,0.791,0.137,0.961,0.446,0.099,0.101,1.87,22.5
Rancho Palos Verdes,Los Angeles,149,53,74.854,104.03,7.578822,0.178,100.888,1003.3,3.37,0.686,2.348,3.028,120.668,57.464,3.150334076,42.435,0.022,0,0.274,0.009,0.058,0.099,0.538,0.121,0.272,0.798,0.362,0.97,0.652,0.047,0.04,2.66,32.7
Rancho Santa Margarita,Orange,41,22,82.394,99.188,3.092393,0.063,70.136,584,2.75,0.686,1.741,11.06,104.556,44.868,3.778472222,48.969,0.02,0.002,0.11,0.001,0.04,0.188,0.64,0.21,0.168,0.713,0.227,0.956,0.491,0.061,0.045,2.87,29.6
Red Bluff,Tehama,206,77,56.821,76.015,7.624717,0.542,28.546,139.8,1.044,0.294,0.77,18.306,30.311,16.613,1.872751323,14.158,0.006,0.034,0.027,0,0.032,0.162,0.739,0.202,0.062,0.419,0.114,0.863,0.122,0.15,0.246,2.52,19.9
Redding,Shasta,1143,745,73.24,115.41,99.248416,1.086,37.556,232,1.54,0.483,0.987,21.758,44.573,25.609,1.539111484,91.808,0.014,0.021,0.047,0,0.046,0.093,0.778,0.128,0.058,0.52,0.098,0.911,0.238,0.135,0.181,2.49,16.6
Redlands,San Bernardino,651,371,77.996,103.655,54.910656,0.779,48.299,326.8,2.011,0.506,1.177,31.768,66.514,31.721,1.973097149,71.288,0.056,0.007,0.075,0.005,0.052,0.296,0.51,0.359,0.14,0.579,0.249,0.901,0.378,0.103,0.141,2.82,23
Redondo Beach,Los Angeles,850,360,100.618,128.949,62.137997,0.918,83.649,775.3,3.119,0.624,1.8,12.848,103.782,54.789,10.94629032,67.867,0.03,0.004,0.124,0.001,0.062,0.168,0.611,0.202,0.193,0.496,0.235,0.962,0.571,0.065,0.05,2.42,28.4
Redwood City,San Mateo,970,503,120.086,162.786,99.663639,1.206,67.208,924.3,3.262,0.662,1.807,20.968,90.461,46.318,4.374356334,84.95,0.023,0.005,0.128,0.007,0.042,0.377,0.419,0.405,0.327,0.507,0.465,0.852,0.443,0.108,0.091,2.75,24.8
Reedley,Fresno,293,89,53.301,76.464,11.084806,0.438,26.573,170.3,1.302,0.391,0.9,5.902,43.907,17.002,5.035826772,25.582,0.006,0.003,0.035,0,0.033,0.738,0.184,0.747,0.316,0.602,0.645,0.622,0.147,0.218,0.266,3.49,22.7
Rialto,San Bernardino,500,266,102.192,142.14,48.598675,0.474,32.487,236.1,1.553,0.445,1.11,5.326,52.347,17.092,4.622550336,103.314,0.12,0.006,0.023,0.001,0.037,0.715,0.098,0.841,0.282,0.631,0.6,0.682,0.105,0.187,0.188,3.98,31.3
Richmond,Contra Costa,950,655,111.313,153.999,121.647554,1.123,40.434,330.2,1.931,0.481,1.242,10.257,57.107,26.965,3.651912205,109.813,0.218,0.003,0.149,0.005,0.059,0.394,0.172,0.615,0.342,0.496,0.519,0.775,0.263,0.167,0.166,2.89,34
Ridgecrest,Kern,172,87,65.454,75.915,8.31667,0.29,44.081,166.5,1.286,0.385,0.859,9.616,59.78,28.095,1.38184882,28.701,0.055,0.012,0.048,0.005,0.053,0.188,0.639,0.255,0.106,0.61,0.194,0.894,0.279,0.091,0.16,2.57,14.3
Rio Vista,Solano,68,37,77.896,102.484,4.746172,0.589,54.122,269.2,1.603,0.442,1.349,8.511,59.05,35.709,1.291629297,8.641,0.066,0.003,0.091,0,0.016,0.078,0.746,0.147,0.112,0.77,0.14,0.919,0.244,0.165,0.106,2.03,38.6
Ripon,San Joaquin,163,76,61.108,85.797,7.973352,0.532,58.145,352.5,2.108,0.503,1.251,13.889,79.354,33.686,2.912052731,15.463,0.006,0.007,0.024,0,0.057,0.239,0.668,0.252,0.093,0.69,0.163,0.908,0.26,0.073,0.103,2.94,28.5
Riverbank,Stanislaus,98,45,54.469,73.685,3.817543,0.16,39.786,219.7,1.499,0.421,1.044,9.988,61.87,22.257,5.963080685,24.389,0.009,0.008,0.041,0.007,0.05,0.547,0.339,0.564,0.25,0.664,0.509,0.748,0.141,0.114,0.11,3.36,28.7
Riverside,Riverside,2688,1942,88.653,121.914,280.898812,0.881,36.947,286.6,1.77,0.44,1.194,13.158,58.979,23.061,4.001996549,324.722,0.058,0.008,0.067,0.003,0.049,0.505,0.31,0.571,0.224,0.545,0.416,0.79,0.226,0.163,0.178,3.34,29.9
Rocklin,Placer,418,198,93.692,122.415,30.306224,0.5,67.208,381,2.254,0.628,1.391,10.436,84.121,37.295,3.213254862,62.787,0.019,0.006,0.086,0.001,0.061,0.126,0.701,0.151,0.11,0.657,0.157,0.96,0.41,0.075,0.085,2.8,25.9
Rohnert Park,Sonoma,355,141,81.425,99.921,19.753275,0.471,46.39,341,1.89,0.588,1.407,15.463,60.333,27.821,6.088857143,42.622,0.02,0.005,0.058,0.002,0.061,0.229,0.624,0.254,0.148,0.523,0.235,0.889,0.257,0.12,0.155,2.64,26
Rolling Hills,Los Angeles,7,4,99.912,119.295,0.620856,0.352,155.417,1096.4,3.994,0.881,2.945,18.174,129.728,65.277,2.305602241,8.231,0.022,0.003,0.301,0,0.055,0.098,0.521,0.123,0.256,0.925,0.33,0.98,0.662,0.064,0.045,2.73,31.1
Rolling Hills Estates,Los Angeles,36,17,85.95,106.895,2.304823,0.28,115.5,1096.4,3.994,0.881,2.945,18.174,129.728,65.277,2.305602241,8.231,0.022,0.003,0.301,0,0.055,0.098,0.521,0.123,0.256,0.925,0.33,0.98,0.662,0.064,0.045,2.73,31.1
Rosemead,Los Angeles,199,49,67.11,98.921,6.548952,0.12,30.98,455.1,2.064,0.422,1.206,8.474,45.51,17.839,10.5620155,54.5,0.002,0.006,0.592,0.002,0.015,0.342,0.042,0.35,0.556,0.47,0.836,0.656,0.163,0.186,0.206,3.67,28.7
Roseville,Placer,2127,1048,93.797,132.984,162.885724,1.269,59.94,355.9,2.071,0.556,1.359,33.405,78.446,36.345,3.662921038,132.671,0.018,0.004,0.094,0.002,0.054,0.146,0.682,0.168,0.13,0.645,0.177,0.944,0.377,0.08,0.086,2.7,25.8
Sacramento,Sacramento,5868,3062,79.814,106.135,403.426969,0.832,39.254,259.4,1.657,0.445,1.057,9.176,52.071,27.146,5.057536765,495.234,0.134,0.007,0.179,0.015,0.064,0.274,0.327,0.415,0.224,0.468,0.375,0.837,0.307,0.126,0.214,2.65,24.9
Salinas,Monterey,822,456,101.904,138.131,79.132253,0.507,30.977,303.8,1.842,0.424,1.177,12.482,52.338,18.347,6.782484901,157.218,0.015,0.008,0.064,0.001,0.026,0.748,0.138,0.771,0.379,0.432,0.701,0.595,0.122,0.196,0.189,3.8,23.3
San Anselmo,Marin,102,33,70.892,93.062,3.520903,0.278,96.658,914.4,3.402,0.756,1.638,9.706,107.818,62.456,4.701119403,12.599,0.008,0.011,0.022,0,0.036,0.057,0.866,0.076,0.073,0.733,0.103,0.972,0.688,0.053,0.042,2.38,35.5
San Bernardino,San Bernardino,1436,732,67.283,91.654,110.698239,0.515,30.312,176.8,1.389,0.394,0.947,12.239,38.456,14.922,3.652685811,216.239,0.136,0.008,0.048,0.003,0.047,0.607,0.151,0.751,0.233,0.467,0.505,0.679,0.112,0.2,0.323,3.56,27.3
San Bruno,San Mateo,438,218,99.913,145.478,38.097736,0.891,56.144,668.7,2.67,0.472,1.834,12.538,89,39,7.838868613,42.957,0.016,0.001,0.278,0.03,0.058,0.273,0.344,0.29,0.346,0.561,0.498,0.893,0.37,0.096,0.058,2.85,27.5
San Carlos,San Mateo,145,59,93.864,121.382,9.3445,0.315,114.272,1107.6,3.709,0.743,1.849,16.845,135.22,69.738,5.378519856,29.797,0.01,0,0.134,0.003,0.047,0.1,0.706,0.11,0.187,0.706,0.22,0.974,0.636,0.044,0.037,2.59,27.8
San Clemente,Orange,513,148,78.91,101.71,20.920559,0.321,79.241,801.1,3.219,0.717,1.696,10.33,97.21,51.566,3.490593266,65.309,0.006,0.002,0.033,0.007,0.051,0.183,0.718,0.191,0.118,0.645,0.176,0.95,0.478,0.098,0.071,2.64,29.2
San Diego,San Diego,12443,8014,75.639,85.012,906.551397,0.659,50.836,488.6,2.33,0.526,1.427,13.352,68.117,35.199,4.325563517,1406.63,0.063,0.005,0.164,0.004,0.048,0.295,0.421,0.363,0.265,0.465,0.408,0.875,0.436,0.137,0.15,2.73,23.5
San Dimas,Los Angeles,176,66,69.432,85.26,7.53845,0.221,57.267,481,2.339,0.589,1.599,15.958,79.081,35.764,2.283111702,34.338,0.029,0.008,0.136,0.001,0.063,0.313,0.451,0.35,0.193,0.722,0.285,0.925,0.365,0.077,0.076,2.81,31.6
San Fernando,Los Angeles,198,96,77.373,104.005,12.369728,0.507,35.728,343.5,1.824,0.43,1.189,5.139,55.734,18.383,10.42911392,24.717,0.025,0.006,0.01,0.009,0.024,0.882,0.044,0.913,0.353,0.553,0.798,0.614,0.118,0.174,0.186,4,28.3
San Francisco,San Francisco,40970,32385,89.559,118.801,4284.701637,3.927,76.374,858.8,3.217,0.585,1.632,17.718,87.701,55.567,18.58090463,870.887,0.053,0.003,0.334,0.004,0.048,0.151,0.406,0.207,0.349,0.368,0.44,0.874,0.548,0.079,0.125,2.33,32.4
San Gabriel,Los Angeles,350,149,106.925,155.571,25.864245,0.643,35.931,605.6,2.364,0.549,1.305,11.792,54.015,24.281,9.735903614,40.404,0.006,0.002,0.603,0.004,0.02,0.251,0.115,0.259,0.555,0.472,0.733,0.783,0.309,0.184,0.133,3.2,28
Sanger,Fresno,202,82,72.503,95.187,9.771969,0.394,31.495,168,1.243,0.397,0.859,6.601,42.771,16.496,4.530253623,25.007,0.003,0.004,0.022,0,0.021,0.822,0.129,0.829,0.227,0.577,0.628,0.638,0.131,0.138,0.283,3.66,24.4
San Jacinto,Riverside,62,38,56.99,88.254,3.977271,0.085,34.26,159.7,1.45,0.423,1.005,4.722,48.382,18.301,1.843429238,47.413,0.076,0.018,0.038,0.002,0.048,0.505,0.312,0.599,0.215,0.663,0.431,0.75,0.146,0.178,0.184,3.56,37.5
San Joaquin,Fresno,15,36223,50.829,976.03,#VALUE!,NA,NA,159.7,1.45,0.423,1.005,4.722,48.382,18.301,1.843429238,47.413,0.076,0.018,0.038,0.002,0.048,0.505,0.312,0.599,0.215,0.663,0.431,0.75,0.146,0.178,0.184,3.56,37.5
San Jose,Santa Clara,7897,5231,93.59,156.131,925.498297,0.916,61.239,658,2.776,0.619,1.689,15.245,90.303,37.845,5.808361185,1025.35,0.03,0.005,0.332,0.004,0.049,0.318,0.262,0.353,0.389,0.571,0.565,0.829,0.402,0.102,0.109,3.13,28.5
San Juan Bautista,San Benito,20,6,51.866,61.41,0.498187,0.214,51.484,658,2.776,0.619,1.689,15.245,90.303,37.845,5.808361185,1025.35,0.03,0.005,0.332,0.004,0.049,0.318,0.262,0.353,0.389,0.571,0.565,0.829,0.402,0.102,0.109,3.13,28.5
San Juan Capistrano,Orange,127,62,84.922,128.978,11.245712,0.312,51.48,590.5,2.821,0.603,1.749,20.204,79.393,40.384,2.569121813,36.276,0.005,0.012,0.028,0.001,0.018,0.367,0.569,0.384,0.232,0.746,0.359,0.838,0.369,0.178,0.142,3.01,23.8
San Leandro,Alameda,740,307,96.024,132.739,50.998675,0.572,42.372,426.9,2.134,0.454,1.319,49.98,64.065,30.865,6.781484258,90.465,0.113,0.011,0.313,0.011,0.059,0.264,0.23,0.388,0.361,0.54,0.511,0.827,0.288,0.114,0.103,2.78,31.4
San Luis Obispo,San Luis Obispo,808,357,85.492,120.777,51.574952,1.104,42.376,567.6,2.268,0.447,1.323,30.313,47.777,27.823,3.719561815,47.536,0.024,0.003,0.052,0,0.034,0.165,0.722,0.192,0.094,0.365,0.174,0.926,0.494,0.092,0.327,2.45,15.1
San Marcos,San Diego,538,198,83.113,121.608,31.749332,0.347,46.668,418.2,2.47,0.617,1.388,13.773,63.96,27.753,3.908945425,95.261,0.032,0.006,0.084,0.008,0.058,0.345,0.468,0.383,0.223,0.601,0.353,0.839,0.323,0.142,0.148,3.11,26
San Marino,Los Angeles,266,80,93.908,120.946,12.801668,0.96,104.146,1518.4,NA,1.306,NA,2.011,139.792,72.544,3.545092838,13.365,0.013,0,0.546,0.002,0.026,0.088,0.325,0.101,0.401,0.867,0.565,0.953,0.717,0.04,0.077,2.84,29.8
San Mateo,San Mateo,1075,447,110.955,149.121,88.907413,0.869,68.207,850.2,3.079,0.66,1.871,18.239,95.667,49.227,8.570403957,103.959,0.021,0.003,0.207,0.016,0.055,0.264,0.435,0.288,0.336,0.539,0.449,0.883,0.481,0.085,0.079,2.66,27
San Pablo,Contra Costa,238,133,89.396,114.507,18.321921,0.61,31.307,221.4,1.524,0.445,1.127,7.669,45.503,17.415,11.61064639,30.536,0.129,0.005,0.166,0.004,0.047,0.563,0.086,0.697,0.452,0.378,0.711,0.64,0.122,0.208,0.21,3.25,33.4
San Rafael,Marin,717,319,105.167,166.818,64.421585,1.092,56.542,758.6,3.011,0.636,1.628,30.033,81.36,49.929,3.579477838,58.954,0.027,0.005,0.068,0.002,0.045,0.287,0.566,0.319,0.272,0.529,0.355,0.856,0.483,0.121,0.137,2.48,28.4
San Ramon,Contra Costa,593,234,102.881,145.71,39.291069,0.528,103.552,810.7,3.479,0.79,1.987,9.083,134.188,53.732,4.18820598,75.639,0.023,0.003,0.419,0.003,0.057,0.078,0.417,0.104,0.342,0.691,0.43,0.975,0.668,0.032,0.039,2.97,35.2
Santa Ana,Orange,1770,902,94.769,147.075,163.021956,0.488,27.392,383.9,1.907,0.414,1.354,9.578,54.062,17.04,12.25584892,334.217,0.01,0.006,0.108,0.002,0.017,0.767,0.091,0.783,0.461,0.442,0.821,0.555,0.124,0.258,0.212,4.38,24.8
Santa Barbara,Santa Barbara,2146,852,86.208,117.552,129.777926,1.427,41.599,888,2.851,0.671,1.575,17.156,66.916,38.345,4.72162301,91.93,0.015,0.007,0.037,0.001,0.035,0.373,0.532,0.395,0.241,0.391,0.365,0.851,0.459,0.177,0.139,2.52,16.8
Santa Clara,Santa Clara,1878,807,127.039,177.556,179.993238,1.466,83.521,734.5,2.796,0.479,1.917,17.823,102.533,44.843,6.841281912,125.948,0.036,0.004,0.396,0.008,0.048,0.172,0.336,0.212,0.419,0.432,0.524,0.915,0.567,0.072,0.082,2.7,23.3
Santa Clarita,Los Angeles,1098,327,78.551,100.798,43.873294,0.243,57.475,417.4,2.338,0.633,1.653,15.539,85.042,35.317,3.451669196,181.972,0.03,0.006,0.096,0.001,0.056,0.316,0.496,0.352,0.208,0.681,0.307,0.894,0.335,0.115,0.092,2.99,33.1
Santa Cruz,Santa Cruz,1409,784,68.016,99.44,97.007498,1.532,48.942,707.6,2.651,0.576,1.576,12.464,62.471,31.639,5.060047096,64.465,0.013,0.006,0.09,0.001,0.057,0.2,0.634,0.219,0.136,0.438,0.252,0.936,0.511,0.105,0.241,2.44,22.3
Santa Fe Springs,Los Angeles,407,174,87.085,133.25,29.359034,1.683,40.244,371.4,1.899,0.337,1.289,35.971,58.147,22.922,2.032356257,18.027,0.036,0.018,0.068,0,0.033,0.763,0.083,0.817,0.256,0.611,0.558,0.789,0.15,0.15,0.122,3.36,28.9
Santa Maria,Santa Barbara,803,411,79.008,103.99,57.987286,0.559,27.327,276.8,1.69,0.444,1.205,15.388,51.939,18.069,4.670035149,106.29,0.015,0.006,0.052,0.001,0.026,0.711,0.189,0.732,0.348,0.499,0.645,0.591,0.131,0.245,0.206,3.73,20.5
Santa Monica,Los Angeles,3088,1782,87.228,125.611,303.330749,3.288,77.427,1086.3,3.573,0.872,1.626,54.259,82.123,62.874,10.98313539,92.478,0.041,0.005,0.099,0.001,0.048,0.159,0.647,0.205,0.232,0.275,0.292,0.95,0.67,0.09,0.113,1.95,25.5
Santa Paula,Ventura,190,107,87.524,102.35,12.479153,0.412,31.465,321.8,1.909,0.399,1.142,6.449,51.549,21.236,6.608932462,30.335,0.003,0.006,0.02,0.001,0.034,0.767,0.169,0.776,0.306,0.559,0.615,0.645,0.144,0.182,0.179,3.34,27.4
Santa Rosa,Sonoma,1942,1196,85.026,120.754,164.775943,0.951,42.758,414.8,2.01,0.536,1.371,16.507,62.705,31.574,4.242068297,175.155,0.021,0.016,0.051,0.006,0.061,0.303,0.542,0.34,0.19,0.523,0.313,0.856,0.31,0.126,0.122,2.64,22.3
Santee,San Diego,193,108,110.341,140.985,15.967569,0.28,50.951,363,2.154,0.529,1.467,13.552,77.46,31.611,3.563401109,57.834,0.02,0.004,0.046,0.004,0.069,0.177,0.681,0.201,0.096,0.7,0.152,0.932,0.277,0.078,0.07,2.83,27.2
Saratoga,Santa Clara,99,56,87.327,113.033,7.642239,0.247,151.496,1742.9,NA,1.014,2.41,NA,169.579,79.87,2.485218094,30.767,0.007,0.004,0.458,0,0.031,0.037,0.463,0.048,0.374,0.845,0.444,0.976,0.77,0.025,0.045,2.85,28.9
Sausalito,Marin,151,66,78.526,102.966,8.390251,1.179,109.09,1163.5,3.782,1.291,1.998,16.191,116.325,103.261,4.025423729,7.125,0.024,0.006,0.031,0.003,0.007,0.072,0.857,0.102,0.137,0.492,0.139,0.987,0.723,0.067,0.056,1.75,32.2
Scotts Valley,Santa Cruz,162,51,80.003,117.075,7.540026,0.637,75.526,654.6,2.996,0.745,2.103,14.101,104.15,47.946,2.593043478,11.928,0.006,0,0.079,0,0.038,0.109,0.768,0.115,0.123,0.727,0.143,0.963,0.528,0.041,0.045,2.76,28.7
Seal Beach,Orange,248,87,103.469,134.144,14.249527,0.581,74.477,308.4,2.976,0.383,1.678,13.731,60.222,48.958,2.164747564,24.44,0.012,0.002,0.086,0.001,0.043,0.128,0.729,0.142,0.144,0.747,0.158,0.946,0.469,0.065,0.08,1.96,30.4
Seaside,Monterey,280,113,110.765,147.475,18.649839,0.546,30.602,366.4,1.985,0.373,1.482,15.536,53.406,21.59,3.713419913,34.312,0.077,0.008,0.089,0.027,0.075,0.43,0.294,0.515,0.295,0.385,0.476,0.761,0.216,0.227,0.16,3.24,20
Sebastopol,Sonoma,102,41,100.576,128.133,5.936481,0.778,50.799,543.1,2.16,0.553,1.314,22.118,58.036,36.365,4.15027027,7.678,0.011,0.004,0.012,0.006,0.04,0.122,0.805,0.137,0.112,0.498,0.125,0.946,0.447,0.084,0.107,2.18,25
Selma,Fresno,115,77,68.982,90.014,7.960677,0.328,29.774,164.5,1.37,0.414,0.853,15.09,41.086,15.686,4.78540856,24.597,0.004,0.008,0.05,0.007,0.041,0.774,0.116,0.786,0.244,0.588,0.585,0.611,0.088,0.219,0.231,3.61,24.2
Shafter,Kern,269,158,54.037,72.428,15.316013,0.86,31.727,153.6,1.262,0.395,0.758,4.251,41.085,14.869,0.677817531,18.945,0.018,0.002,0.003,0,0.017,0.821,0.14,0.841,0.281,0.525,0.713,0.574,0.065,0.171,0.235,3.82,24.8
Shasta Lake,Shasta,63,46,72.518,95.52,5.181935,0.51,36.812,157.3,1.333,0.43,0.984,3.639,46.15,20.786,0.930586081,10.162,0.012,0.035,0.01,0.002,0.089,0.119,0.733,0.166,0.035,0.59,0.063,0.876,0.135,0.145,0.197,2.73,20.6
Sierra Madre,Los Angeles,183,59,62.848,73.666,6.622274,0.598,81.414,861.2,3.349,0.596,1.469,3.358,95.256,52.012,3.748135593,11.057,0.013,0.002,0.107,0.003,0.038,0.151,0.686,0.166,0.128,0.609,0.172,0.992,0.651,0.043,0.058,2.51,28.6
Signal Hill,Los Angeles,190,90,84.284,101.055,12.021441,1.054,52.515,446,2.455,0.578,1.217,116.708,70.286,32.382,5.319178082,11.649,0.11,0.003,0.203,0.006,0.055,0.368,0.255,0.481,0.305,0.449,0.487,0.848,0.388,0.191,0.156,2.78,30.9
Simi Valley,Ventura,633,350,101.813,126.076,58.648954,0.465,60.59,472.7,2.441,0.54,1.765,13.293,91.196,38.927,3.045491803,126.327,0.013,0.005,0.09,0.001,0.047,0.246,0.598,0.264,0.186,0.724,0.261,0.91,0.325,0.094,0.06,2.97,29.5
Solana Beach,San Diego,172,47,91.823,111.611,6.888798,0.517,80.75,1045.9,3.165,0.727,1.892,15.261,100.352,62.38,3.820738636,13.449,0.005,0.002,0.031,0.001,0.056,0.13,0.776,0.137,0.156,0.578,0.172,0.944,0.65,0.119,0.065,2.32,23.5
Soledad,Monterey,72,48,72.917,89.522,5.165656,0.201,32.596,251.8,1.594,0.397,1.168,2.986,54.878,12.112,5.809977324,25.622,0.092,0.018,0.021,0.004,0.06,0.672,0.133,0.782,0.299,0.603,0.604,0.553,0.071,0.191,0.154,4.19,24.1
Solvang,Santa Barbara,61,16,69.542,84.979,3.070274,0.553,42.059,658.6,2.606,0.957,1.484,13.031,69.261,40.128,2.387654321,5.802,0,0,0.018,0,0.022,0.267,0.693,0.267,0.177,0.58,0.235,0.937,0.402,0.12,0.11,2.25,22.8
Sonoma,Sonoma,48,33,73.717,96.707,3.864142,0.352,62.813,621.1,2.627,0.79,1.552,22.59,71.209,48.736,4.034306569,11.054,0.001,0.001,0.026,0,0.023,0.142,0.807,0.144,0.098,0.563,0.144,0.937,0.426,0.117,0.107,2.12,27.1
Sonora,Tuolumne,76,38,67.205,75.416,3.693593,0.767,34.631,621.1,2.627,0.79,1.552,22.59,71.209,48.736,4.034306569,11.054,0.001,0.001,0.026,0,0.023,0.142,0.807,0.144,0.098,0.563,0.144,0.937,0.426,0.117,0.107,2.12,27.1
South El Monte,Los Angeles,179,39,57.487,66.761,4.131258,0.2,25.482,363.1,1.695,0.315,1.155,16.808,42.46,15.312,7.353169014,20.883,0.003,0.005,0.133,0,0.017,0.81,0.032,0.818,0.43,0.466,0.826,0.522,0.073,0.268,0.191,3.85,31.3
South Gate,Los Angeles,478,235,66.067,92.996,33.331765,0.35,30.687,329,1.801,0.41,1.012,7.203,45.522,15.287,13.19585635,95.538,0.01,0.004,0.005,0.001,0.02,0.931,0.03,0.945,0.431,0.447,0.893,0.534,0.081,0.241,0.203,4.05,31.5
South Lake Tahoe,El Dorado,342,146,91.699,124.462,23.203823,1.078,34.783,343.9,1.793,0.486,0.892,14.54,42.401,25.88,2.1375,21.717,0.016,0.002,0.053,0.002,0.025,0.327,0.575,0.345,0.201,0.443,0.326,0.846,0.233,0.191,0.163,2.52,15.1
South Pasadena,Los Angeles,273,130,80.422,96.119,16.157101,0.622,69.271,876.9,3.16,0.605,1.466,7.591,84.593,49.229,7.599120235,25.913,0.027,0.001,0.29,0.001,0.074,0.194,0.413,0.222,0.271,0.44,0.389,0.959,0.615,0.103,0.091,2.54,28.6
South San Francisco,San Mateo,1047,384,103.003,147.742,71.982693,1.081,47.176,644.5,2.583,0.49,1.607,17.292,85.076,34.593,7.328227571,66.98,0.021,0.002,0.374,0.019,0.057,0.33,0.197,0.353,0.398,0.603,0.573,0.844,0.325,0.07,0.08,3.14,26.9
Stanton,Orange,84,26,61.31,82.553,3.312733,0.085,35.271,322.2,1.824,0.515,1.282,9.932,48.332,19.36,12.26793651,38.644,0.021,0.01,0.248,0.005,0.034,0.498,0.184,0.529,0.439,0.493,0.679,0.695,0.165,0.204,0.22,3.4,28.8
St. Helena,Napa,152,53,86.702,115.115,7.615913,1.27,55.725,864.9,3.087,0.688,1.483,29.145,85.505,55.41,1.233266533,6.154,0.016,0,0.014,0.002,0.026,0.271,0.671,0.287,0.206,0.582,0.338,0.862,0.491,0.109,0.118,2.33,24.8
Stockton,San Joaquin,1936,1212,83.341,119.942,175.213053,0.581,36.468,191,1.528,0.418,0.967,11.058,46.033,20.688,4.979276796,307.072,0.108,0.007,0.204,0.007,0.083,0.39,0.201,0.505,0.26,0.479,0.461,0.748,0.174,0.14,0.237,3.15,28.4
Suisun City,Solano,149,67,64.413,88.623,8.230301,0.283,44.51,255.8,1.769,0.41,1.58,2.779,71.563,26.721,7.178832117,29.505,0.207,0.006,0.189,0.013,0.082,0.237,0.266,0.45,0.225,0.597,0.308,0.884,0.19,0.1,0.148,3.25,32.5
Sunnyvale,Santa Clara,1447,736,96.07,140.023,138.496361,0.925,98.999,859.1,2.944,0.661,1.949,11.58,109.799,53.133,6.947294225,152.771,0.02,0.004,0.428,0.005,0.039,0.176,0.328,0.2,0.464,0.464,0.557,0.913,0.616,0.07,0.07,2.68,24
Susanville,Lassen,92,51,65.947,86.752,5.137628,0.33,39.643,161.3,1.382,0.389,0.902,10.961,46.863,13.165,1.871752837,14.843,0.139,0.027,0.024,0.016,0.026,0.256,0.513,0.422,0.064,0.483,0.248,0.728,0.084,0.077,0.228,2.27,17.4
Sutter Creek,Amador,24,12,70.183,99.522,1.273606,0.512,32.292,161.3,1.382,0.389,0.902,10.961,46.863,13.165,1.871752837,14.843,0.139,0.027,0.024,0.016,0.026,0.256,0.513,0.422,0.064,0.483,0.248,0.728,0.084,0.077,0.228,2.27,17.4
Taft,Kern,197,113,50.281,63.277,9.300906,1.018,52.188,150.7,1.235,0.419,0.709,10.742,49.844,19.601,0.62031767,9.373,0.023,0.004,0.038,0,0.087,0.385,0.463,0.412,0.268,0.586,0.392,0.722,0.106,0.16,0.245,2.76,20.1
Tehachapi,Kern,85,52,66.751,87.37,5.441405,0.412,38.681,180.3,1.419,0.336,0.792,16.266,42.961,16.108,1.265957447,12.495,0.074,0.012,0.021,0.003,0.025,0.337,0.529,0.423,0.117,0.618,0.283,0.751,0.095,0.093,0.184,2.71,21.1
Temecula,Riverside,385,138,83.948,111.565,19.770097,0.181,53.725,360.5,2.128,0.58,1.629,24.161,83.84,30.397,3.749718076,113.054,0.041,0.009,0.103,0.003,0.066,0.253,0.526,0.303,0.164,0.645,0.216,0.917,0.322,0.106,0.067,3.3,34.2
Temple City,Los Angeles,130,32,71.442,93.069,4.828029,0.133,42.317,632.7,2.298,0.533,1.296,8.305,63.756,27.014,9.068578554,36.365,0.006,0.002,0.594,0.003,0.025,0.198,0.172,0.206,0.487,0.644,0.672,0.848,0.368,0.146,0.11,3.13,30.9
Thousand Oaks,Ventura,609,329,75.872,101.209,42.57374,0.331,74.716,637.1,2.736,0.64,1.896,22.432,101.045,47.423,2.342140651,128.888,0.011,0.003,0.094,0.001,0.038,0.18,0.673,0.194,0.189,0.702,0.241,0.927,0.496,0.096,0.065,2.76,25.8
Tiburon,Marin,44,34,98.237,119.958,4.662109,0.508,171.131,637.1,2.736,0.64,1.896,22.432,101.045,47.423,2.342140651,128.888,0.011,0.003,0.094,0.001,0.038,0.18,0.673,0.194,0.189,0.702,0.241,0.927,0.496,0.096,0.065,2.76,25.8
Torrance,Los Angeles,2019,1089,89.748,111.516,174.370265,1.183,63.384,652.6,2.658,0.502,1.512,25.735,80.862,39.269,7.187255859,147.195,0.025,0.004,0.335,0.005,0.065,0.172,0.394,0.201,0.289,0.55,0.387,0.937,0.471,0.091,0.069,2.65,27.8
Tracy,San Joaquin,586,369,99.42,136.979,59.565048,0.689,51.164,332.3,2.085,0.551,1.542,12.302,81.022,27.092,4.057909091,89.274,0.053,0.003,0.138,0.007,0.094,0.377,0.329,0.433,0.249,0.621,0.412,0.85,0.222,0.097,0.081,3.46,42.5
Trinidad,Humboldt,7,6,49.401,68.851,0.430073,2.057,51.25,332.3,2.085,0.551,1.542,12.302,81.022,27.092,4.057909091,89.274,0.053,0.003,0.138,0.007,0.094,0.377,0.329,0.433,0.249,0.621,0.412,0.85,0.222,0.097,0.081,3.46,42.5
Truckee,Nevada,174,88,72.841,98.123,11.735511,0.723,48.916,332.3,2.085,0.551,1.542,12.302,81.022,27.092,4.057909091,89.274,0.053,0.003,0.138,0.007,0.094,0.377,0.329,0.433,0.249,0.621,0.412,0.85,0.222,0.097,0.081,3.46,42.5
Tulare,Tulare,587,286,58.502,80.999,28.937098,0.469,33.218,163.1,1.335,0.383,0.941,13.262,47.196,18.707,2.999474439,62.779,0.033,0.01,0.022,0.002,0.033,0.565,0.335,0.608,0.203,0.573,0.447,0.718,0.122,0.157,0.222,3.31,20.3
Tulelake,Siskiyou,23,2,50.694,62.778,0.406912,0.414,25.455,163.1,1.335,0.383,0.941,13.262,47.196,18.707,2.999474439,62.779,0.033,0.01,0.022,0.002,0.033,0.565,0.335,0.608,0.203,0.573,0.447,0.718,0.122,0.157,0.222,3.31,20.3
Turlock,Stanislaus,714,291,76.07,112.411,39.133588,0.549,40.362,238.8,1.601,0.423,0.966,13.718,51.555,24.582,4.2998228,72.796,0.023,0.005,0.056,0.002,0.039,0.371,0.504,0.399,0.232,0.521,0.429,0.804,0.229,0.119,0.163,2.89,23.3
Tustin,Orange,426,246,94.817,118.696,34.091565,0.429,43.558,543.2,2.462,0.572,1.611,28.26,70.822,32.375,7.255866426,80.395,0.024,0.005,0.22,0.004,0.047,0.408,0.293,0.437,0.356,0.484,0.552,0.847,0.401,0.142,0.139,3.05,24.6
Twentynine Palms,San Bernardino,68,29,59.399,82.277,2.881863,0.111,31.646,118.4,1.183,0.307,0.943,2.915,40.888,20.101,0.440463307,26.049,0.086,0.015,0.037,0.005,0.072,0.224,0.561,0.325,0.05,0.294,0.123,0.896,0.223,0.088,0.216,2.69,15.4
Ukiah,Mendocino,330,172,72.792,103.02,19.947015,1.255,35.583,281.4,1.749,0.355,0.961,27.778,38.686,25.736,3.400856531,15.882,0.009,0.031,0.017,0.008,0.05,0.284,0.602,0.324,0.124,0.431,0.236,0.836,0.222,0.161,0.228,2.49,15.7
Union City,Alameda,557,201,100.365,132.67,33.537951,0.456,52.423,561.2,2.599,0.577,1.756,8.655,91.629,32.515,3.868618387,75.322,0.049,0.005,0.509,0.016,0.066,0.209,0.148,0.263,0.446,0.652,0.616,0.892,0.362,0.074,0.079,3.52,33.3
Upland,San Bernardino,406,223,95.548,138.421,34.637014,0.456,45.592,444.2,2.24,0.525,1.253,11.727,62.369,29.988,4.909346991,76.684,0.058,0.004,0.079,0.001,0.044,0.399,0.415,0.461,0.19,0.546,0.339,0.887,0.301,0.119,0.156,2.77,30.9
Vacaville,Solano,941,442,98.569,152.764,81.113538,0.848,50.537,322.6,2.023,0.484,1.416,16.893,76.188,31.04,3.465033486,98.303,0.097,0.006,0.07,0.003,0.082,0.22,0.523,0.323,0.119,0.597,0.193,0.887,0.23,0.078,0.099,2.79,26.6
Vallejo,Solano,566,485,103.31,154.691,83.631007,0.699,44.271,254.1,1.831,0.427,1.25,9.742,59.6,26.828,3.954972286,121.299,0.209,0.004,0.231,0.01,0.07,0.239,0.237,0.452,0.274,0.548,0.37,0.873,0.244,0.134,0.169,2.84,34
Ventura,Ventura,1098,519,90.241,108.781,75.623816,0.693,50.842,254.1,1.831,0.427,1.25,9.742,59.6,26.828,3.954972286,121.299,0.209,0.004,0.231,0.01,0.07,0.239,0.237,0.452,0.274,0.548,0.37,0.873,0.244,0.134,0.169,2.84,34
Vernon,Los Angeles,290,215,125.883,176.945,43.412102,429.822,20,254.1,1.831,0.427,1.25,9.742,59.6,26.828,3.954972286,121.299,0.209,0.004,0.231,0.01,0.07,0.239,0.237,0.452,0.274,0.548,0.37,0.873,0.244,0.134,0.169,2.84,34
Victorville,San Bernardino,468,299,60.842,79.532,29.603842,0.244,35.955,158.9,1.39,0.402,1.154,14.217,45.895,16.498,1.670743373,122.265,0.174,0.009,0.033,0.002,0.054,0.507,0.221,0.69,0.177,0.546,0.345,0.801,0.121,0.149,0.25,3.62,34.2
Villa Park,Orange,16,5,85.703,107.26,0.622269,0.105,99.044,1030.8,3.944,0.872,2.913,4.556,131.386,59.232,2.845192308,5.918,0.025,0,0.181,0,0.021,0.085,0.688,0.11,0.172,0.945,0.208,0.959,0.558,0.051,0.054,2.95,26.2
Visalia,Tulare,931,530,77.264,108.988,67.394027,0.523,37.792,190.5,1.477,0.382,0.939,14.744,52.099,23.068,3.615834483,131.074,0.019,0.012,0.057,0.001,0.044,0.473,0.393,0.504,0.142,0.59,0.33,0.818,0.235,0.109,0.221,3.03,21.2
Vista,San Diego,856,269,75.248,99.02,32.16557,0.326,34.862,392.7,2.131,0.528,1.331,12.698,54.203,23.463,5.442130621,101.659,0.03,0.004,0.051,0.002,0.035,0.474,0.404,0.508,0.25,0.477,0.404,0.781,0.212,0.185,0.17,3.16,24
Walnut,Los Angeles,129,37,72.706,89.481,4.594943,0.153,56.08,679.7,2.665,0.598,2.051,7.749,97.345,36.629,3.342269188,30.047,0.03,0.003,0.625,0,0.033,0.202,0.107,0.235,0.501,0.84,0.646,0.929,0.511,0.09,0.077,3.33,36.5
Walnut Creek,Contra Costa,830,307,97.885,136.932,49.899805,0.738,87.923,647.4,2.883,0.844,1.721,30.029,82.848,53.849,3.498076923,69.122,0.011,0.002,0.137,0.002,0.039,0.084,0.725,0.097,0.223,0.637,0.249,0.977,0.618,0.072,0.065,2.16,32.7
Wasco,Kern,74,45,48.68,57.925,3.984557,0.152,28.455,152.3,1.158,0.341,0.688,3.864,39.559,10.582,2.799045599,26.395,0.065,0.006,0.007,0.002,0.026,0.785,0.11,0.856,0.28,0.506,0.712,0.528,0.04,0.201,0.295,3.89,25.8
Waterford,Stanislaus,27,13,65.277,89.313,1.440468,0.165,40.547,168.7,1.394,0.434,0.901,3.565,49.5,17.617,3.803004292,8.861,0.017,0.004,0.022,0.001,0.058,0.442,0.456,0.463,0.206,0.648,0.386,0.632,0.087,0.15,0.24,3.61,28.9
Watsonville,Santa Cruz,616,322,76.652,100.52,42.9018,0.81,28.704,361,1.929,0.441,1.285,43.047,49.487,17.398,8.041255605,53.796,0.003,0.011,0.029,0.002,0.018,0.8,0.138,0.814,0.374,0.396,0.757,0.586,0.119,0.178,0.176,3.74,23.4
Weed,Siskiyou,46,26,51.532,64.983,2.072181,0.753,33.047,361,1.929,0.441,1.285,43.047,49.487,17.398,8.041255605,53.796,0.003,0.011,0.029,0.002,0.018,0.8,0.138,0.814,0.374,0.396,0.757,0.586,0.119,0.178,0.176,3.74,23.4
West Covina,Los Angeles,841,282,118.447,174.131,50.68272,0.47,41.031,430.8,2.115,0.464,1.449,13.741,71.217,25.437,6.723628429,107.847,0.039,0.006,0.272,0.001,0.04,0.52,0.121,0.565,0.35,0.644,0.577,0.84,0.274,0.139,0.105,3.49,34.5
West Hollywood,Los Angeles,339,187,111.261,146.979,32.384809,0.908,60.685,642.2,2.797,0.821,1.446,33.923,61.127,60.68,19.41693122,36.698,0.043,0.002,0.051,0.001,0.054,0.116,0.732,0.161,0.248,0.205,0.329,0.966,0.649,0.132,0.137,1.6,26.7
Westlake Village,Los Angeles,22,9,88.017,112.786,1.707601,0.202,106.822,819.9,3.032,0.766,2.354,35.9,130.272,68.453,1.628516378,8.452,0.011,0.001,0.082,0,0.044,0.073,0.789,0.085,0.147,0.868,0.138,0.981,0.677,0.034,0.062,2.48,27.6
Westminster,Orange,374,199,100.399,125.772,29.404644,0.32,40.309,499.4,2.213,0.483,1.364,16.048,55.287,23.755,9.110945274,91.565,0.008,0.005,0.472,0.002,0.032,0.236,0.245,0.249,0.451,0.527,0.646,0.768,0.228,0.152,0.179,3.35,27.7
Westmorland,Imperial,34,7,60.814,68.38,0.875025,0.434,27.826,499.4,2.213,0.483,1.364,16.048,55.287,23.755,9.110945274,91.565,0.008,0.005,0.472,0.002,0.032,0.236,0.245,0.249,0.451,0.527,0.646,0.768,0.228,0.152,0.179,3.35,27.7
West Sacramento,Yolo,750,312,94.22,120.48,44.858739,0.872,41.41,276.4,1.872,0.445,0.907,11.062,57.023,26.414,2.472281848,52.981,0.039,0.007,0.103,0.01,0.084,0.302,0.456,0.348,0.232,0.543,0.391,0.834,0.266,0.124,0.163,2.85,23.3
Wheatland,Yuba,37,18,62.695,67.037,1.589606,0.439,48.464,276.4,1.872,0.445,0.907,11.062,57.023,26.414,2.472281848,52.981,0.039,0.007,0.103,0.01,0.084,0.302,0.456,0.348,0.232,0.543,0.391,0.834,0.266,0.124,0.163,2.85,23.3
Whittier,Los Angeles,788,255,75.789,117.467,48.936067,0.564,44.198,458.5,2.285,0.46,1.222,7.193,67.431,28.508,5.930580205,86.883,0.016,0.003,0.048,0.002,0.031,0.664,0.237,0.683,0.181,0.572,0.423,0.841,0.248,0.123,0.118,3.08,31.7
Wildomar,Riverside,17,10,77.082,103.696,1.47991,0.042,40.989,266.9,1.775,0.445,1.405,3.329,62.976,22.707,1.521401435,36.042,0.051,0.009,0.049,0.004,0.031,0.391,0.465,0.451,0.193,0.699,0.33,0.832,0.166,0.14,0.161,3.53,37
Williams,Colusa,40,29,62.04,86.046,2.957373,0.573,31.592,162.7,1.439,0.402,1.012,7.188,55.9,23.1,0.954411765,5.192,0.011,0.003,0.025,0,0.012,0.758,0.191,0.772,0.4,0.654,0.691,0.538,0.084,0.228,0.139,3.49,23
Willits,Mendocino,81,37,64.716,85.425,4.276456,0.882,32.473,162.7,1.439,0.402,1.012,7.188,55.9,23.1,0.954411765,5.192,0.011,0.003,0.025,0,0.012,0.758,0.191,0.772,0.4,0.654,0.691,0.538,0.084,0.228,0.139,3.49,23
Willows,Glenn,89,21,61.848,82.534,2.58306,0.424,27.927,190.6,1.212,0.412,0.747,13.625,39.038,20.67,2.132280702,6.077,0.019,0.036,0.031,0,0.065,0.371,0.478,0.426,0.211,0.387,0.366,0.71,0.109,0.179,0.184,2.71,17.2
Windsor,Sonoma,195,87,84.152,112.656,11.489139,0.42,53.596,190.6,1.212,0.412,0.747,13.625,39.038,20.67,2.132280702,6.077,0.019,0.036,0.031,0,0.065,0.371,0.478,0.426,0.211,0.387,0.366,0.71,0.109,0.179,0.184,2.71,17.2
Winters,Yolo,106,36,86.497,113.242,4.595928,0.659,40.151,283.6,1.741,0.459,0.998,2.545,67.229,29.549,2.454982818,7.144,0.008,0.009,0.008,0,0.04,0.518,0.418,0.535,0.256,0.656,0.423,0.765,0.25,0.141,0.082,2.99,29.1
Woodlake,Tulare,42,21,59.048,76.746,2.093366,0.276,25.974,121.3,1.066,0.3,0.629,2.316,34.583,12.272,3.388,7.623,0.005,0.003,0,0.003,0.014,0.853,0.123,0.861,0.293,0.59,0.714,0.559,0.072,0.155,0.332,3.61,26.7
Woodland,Yolo,545,258,84.067,118.058,34.994783,0.608,40.1,288.2,1.75,0.449,1.012,12.498,56.956,25.913,3.860653595,59.068,0.013,0.013,0.082,0.003,0.035,0.448,0.407,0.474,0.232,0.549,0.426,0.796,0.252,0.144,0.136,2.85,21.5
Woodside,San Mateo,31,16,105.579,127.813,2.342817,0.426,184.297,288.2,1.75,0.449,1.012,12.498,56.956,25.913,3.860653595,59.068,0.013,0.013,0.082,0.003,0.035,0.448,0.407,0.474,0.232,0.549,0.426,0.796,0.252,0.144,0.136,2.85,21.5
Yorba Linda,Orange,241,86,78.065,102.385,11.970302,0.177,79.358,728.3,3.037,0.706,1.777,8.469,119.697,48.249,3.502823409,68.235,0.011,0.001,0.175,0.001,0.053,0.162,0.597,0.174,0.19,0.824,0.246,0.958,0.52,0.057,0.038,3.07,32.1
Yountville,Napa,88,25,71.366,101.38,3.444142,1.151,80.955,728.3,3.037,0.706,1.777,8.469,119.697,48.249,3.502823409,68.235,0.011,0.001,0.175,0.001,0.053,0.162,0.597,0.174,0.19,0.824,0.246,0.958,0.52,0.057,0.038,3.07,32.1
Yreka,Siskiyou,137,27,64.134,78.689,3.969957,0.522,33.466,149.8,1.164,0.411,0.758,22.554,30.202,19.939,0.761122245,7.596,0.004,0.06,0.008,0.004,0.07,0.095,0.76,0.159,0.033,0.52,0.048,0.847,0.164,0.093,0.312,2.27,14.2
Yuba City,Sutter,517,215,86.489,122.616,33.942033,0.513,36.918,210.2,1.496,0.468,0.945,15.592,50.788,23.2,4.584705075,66.845,0.024,0.007,0.182,0.004,0.063,0.279,0.441,0.31,0.249,0.527,0.404,0.793,0.177,0.156,0.183,2.96,25.4
Yucaipa,San Bernardino,219,42,64.506,85.047,5.31894,0.1,47.448,241.7,1.8,0.455,1.031,5.195,55.7,25.313,1.911401936,53.309,0.015,0.004,0.023,0.013,0.031,0.329,0.585,0.348,0.106,0.724,0.217,0.866,0.199,0.122,0.175,2.88,28
Yucca Valley,San Bernardino,81,32,58.349,79.985,3.367637,0.157,36.401,241.7,1.8,0.455,1.031,5.195,55.7,25.313,1.911401936,53.309,0.015,0.004,0.023,0.013,0.031,0.329,0.585,0.348,0.106,0.724,0.217,0.866,0.199,0.122,0.175,2.88,28
