City,County,Employees,FTemployees,MedianPay,MedianPayBenes,TotalComp,CompCostPerResident,MedianPrivatePay,black,indian,asian,islander,mixed,latino,white,blackLatInd,foreign,homeownerRate,nonenglish,hsgrad,bachelors,noninsured,povertyRate,medianHome,medianMortgage,medianNonMort,medianRent,retail,medianIncome,perCapIncome,householdSize,commuteTime,popdensity,population
Adelanto,San Bernardino,70,30,51712,55093,2502384,77,32500,0.182,0.003,0.015,0.001,0.053,0.595,0.151,0.78,0.215,0.47,0.481,0.647,0.061,0.14,0.422,129900,1165,365,1034,2587,29647,10230,3.81,41,596.1613998,33391
Agoura Hills,Los Angeles,109,0,NA,NA,1162176,56,85320,0.015,0,0.064,0,0.03,0.126,0.765,0.141,0.176,0.758,0.198,0.948,0.537,0.044,0.061,699200,2825,818,1998,18132,114313,53706,2.8,29.7,2663.029525,20745
Alameda,Alameda,923,502,104159,141926,81284590,1050,70254,0.075,0.003,0.303,0.007,0.075,0.116,0.422,0.194,0.266,0.468,0.339,0.909,0.503,0.084,0.095,677000,2760,661,1478,6507,83048,45590,2.48,32,7436.946277,78906
Alhambra,Los Angeles,637,309,86120,116731,48810631,575,38366,0.018,0.004,0.497,0.002,0.029,0.361,0.089,0.383,0.498,0.404,0.734,0.812,0.33,0.151,0.154,518800,2171,488,1235,19409,53138,25913,2.89,30.3,11202.35911,85474
Aliso Viejo,Orange,30,15,90539,113334,2595232,51,80758,0.021,0.005,0.156,0,0.064,0.159,0.596,0.185,0.214,0.599,0.283,0.968,0.575,0.061,0.048,539000,2666,744,1933,10109,103261,46026,2.68,26,6884.069612,51424
American Canyon,Napa,171,67,74634,88027,7672001,377,50961,0.077,0.005,0.343,0.004,0.065,0.265,0.24,0.347,0.335,0.765,0.478,0.839,0.292,0.07,0.097,374200,2361,503,1616,10814,83673,30596,3.57,33.4,4225.619835,20452
Anaheim,Orange,3488,1768,107182,144275,318768103,919,37776,0.022,0.004,0.157,0.005,0.03,0.527,0.255,0.553,0.369,0.453,0.618,0.76,0.248,0.191,0.162,457600,2276,518,1402,10948,61826,24996,3.42,28.4,7043.398876,351043
Anderson,Shasta,77,53,57252,79927,4904477,482,31414,0.005,0.023,0.023,0.001,0.053,0.137,0.758,0.165,0.034,0.503,0.081,0.872,0.073,0.157,0.217,158000,1146,335,803,20227,35216,17993,2.5,17.8,1606.279435,10232
Antioch,Contra Costa,545,231,104965,150746,43150595,397,47998,0.188,0.01,0.097,0.009,0.085,0.312,0.299,0.51,0.219,0.608,0.342,0.87,0.214,0.102,0.143,291400,1992,456,1439,8902,65530,26385,3.18,45.2,3911.746032,110898
Apple Valley,San Bernardino,262,82,65712,90021,10755432,150,41418,0.08,0.011,0.03,0,0.045,0.328,0.507,0.419,0.09,0.64,0.18,0.85,0.165,0.11,0.198,194100,1432,475,955,8460,47433,23648,3.02,31.5,991.2966252,72553
Arcadia,Los Angeles,462,264,100180,145065,43952544,761,57356,0.018,0.002,0.588,0.003,0.036,0.12,0.233,0.14,0.479,0.594,0.623,0.919,0.52,0.091,0.095,920700,3151,734,1460,14963,83958,40012,2.97,31.1,5354.345837,58523
Arcata,Humboldt,323,102,54881,78765,10906594,613,40577,0.025,0.022,0.021,0.002,0.066,0.164,0.7,0.211,0.039,0.347,0.152,0.935,0.494,0.15,0.401,322700,1464,424,887,9565,31180,20245,2.25,17.3,1975.164835,17974
Arroyo Grande,San Luis Obispo,141,65,72026,92858,8447616,473,50750,0.008,0.007,0.071,0,0.032,0.153,0.73,0.168,0.109,0.691,0.152,0.932,0.369,0.083,0.065,472400,2131,493,1126,17978,64261,35275,2.46,21.3,3098.80137,18097
Artesia,Los Angeles,47,28,54143,69584,2339193,139,39828,0.024,0.002,0.367,0.002,0.036,0.372,0.196,0.398,0.481,0.515,0.668,0.785,0.267,0.171,0.136,419500,2036,355,1396,12335,58651,22470,3.5,27.4,10416.04938,16874
Arvin,Kern,64,40,72202,84860,4215425,205,20408,0.014,0,0.001,0.005,0.017,0.905,0.059,0.919,0.424,0.459,0.882,0.355,0.022,0.232,0.284,116900,1082,330,814,2389,36524,10685,4.39,28.4,4374.688797,21086
Atascadero,San Luis Obispo,220,109,79258,101569,13231107,448,49176,0.012,0.003,0.022,0.002,0.03,0.166,0.766,0.181,0.061,0.608,0.116,0.933,0.316,0.099,0.092,397400,2022,486,1216,10360,69587,33655,2.59,22.7,1182.917317,30330
Atherton,San Mateo,47,34,133758,168648,6082400,853,208917,0.004,0.004,0.144,0.001,0.05,0.051,0.747,0.059,0.185,0.929,0.184,0.974,0.796,0.014,0.045,NA,NA,NA,3095,12878,NA,146572,2.84,24.6,1435.657371,7207
Atwater,Merced,175,48,71912,94188,7155843,247,31582,0.03,0.008,0.051,0,0.041,0.542,0.327,0.58,0.219,0.508,0.476,0.725,0.137,0.135,0.234,160200,1308,392,897,8958,45800,18417,3.22,24.9,4806.239737,29270
Auburn,Placer,107,60,80974,120078,9254357,667,37163,0.005,0.004,0.021,0,0.064,0.088,0.817,0.097,0.066,0.552,0.103,0.923,0.342,0.095,0.129,371000,1966,549,1066,20794,54227,36613,2.2,24.3,1955.602241,13963
Avenal,Kings,60,42,64881,81853,4255377,313,28267,0.065,0.013,0.013,0.001,0.029,0.764,0.115,0.842,0.339,0.424,0.682,0.481,0.027,0.196,0.328,120400,1058,336,726,1636,35103,7992,4.22,33.1,641.915551,12466
Azusa,Los Angeles,422,219,100943,116057,32851709,677,34764,0.028,0.005,0.105,0.002,0.037,0.62,0.203,0.653,0.293,0.531,0.561,0.787,0.198,0.159,0.162,342000,1923,407,1274,9930,56569,19432,3.49,28,5137.47412,49628
Bakersfield,Kern,1846,1333,72299,104490,167636501,456,40366,0.076,0.013,0.07,0.002,0.035,0.469,0.336,0.558,0.19,0.568,0.41,0.796,0.213,0.131,0.197,214600,1585,459,1005,14679,58669,24392,3.2,22.6,2647.580191,376380
Baldwin Park,Los Angeles,400,153,71993,100099,20164655,263,31153,0.02,0.011,0.172,0.003,0.02,0.737,0.038,0.768,0.443,0.571,0.824,0.647,0.118,0.212,0.161,333500,1748,381,1277,7005,53651,16440,4.32,30.4,11533.03167,76464
Banning,Riverside,226,130,72867,101274,16598814,541,31058,0.082,0.03,0.046,0.001,0.032,0.423,0.386,0.535,0.169,0.648,0.319,0.792,0.153,0.19,0.232,177000,1238,483,968,5830,40627,19529,2.69,25.5,1343.116883,31026
Barstow,San Bernardino,217,117,96945,111126,17536056,748,34978,0.143,0.017,0.031,0.02,0.064,0.436,0.289,0.596,0.096,0.451,0.267,0.773,0.117,0.112,0.367,96000,1077,356,714,29182,37085,16897,3.11,23,576.0029,23835
Beaumont,Riverside,164,105,71955,84406,10972459,260,45422,0.051,0.008,0.08,0.002,0.055,0.407,0.398,0.466,0.178,0.735,0.324,0.867,0.245,0.105,0.113,250500,1924,557,1205,8841,68369,26066,3.29,32.3,1467.130379,45349
Bell,Los Angeles,191,64,79870,107630,8215471,228,27709,0.015,0.004,0.01,0.003,0.012,0.912,0.044,0.931,0.419,0.283,0.895,0.493,0.069,0.257,0.253,322900,1784,457,1023,3588,38823,12972,3.96,30.7,14345.6,35864
Bellflower,Los Angeles,239,77,68068,86368,10067641,129,37081,0.132,0.005,0.126,0.001,0.041,0.537,0.159,0.674,0.309,0.388,0.548,0.779,0.177,0.169,0.17,367300,1989,411,1195,7130,50704,21527,3.31,29.2,12710.78431,77790
Bell Gardens,Los Angeles,280,120,76037,107236,17352528,405,23797,0.009,0.003,0.008,0,0.01,0.94,0.031,0.952,0.431,0.21,0.906,0.448,0.051,0.273,0.294,318700,1671,366,1142,7513,37183,11544,4.42,28.7,17400.81301,42806
Belmont,San Mateo,195,106,105375,129147,18191010,675,105732,0.012,0.001,0.246,0.003,0.059,0.127,0.552,0.14,0.311,0.601,0.381,0.946,0.583,0.048,0.047,1074600,3555,699,1784,11035,120169,61617,2.59,28.7,5861.688312,27081
Benicia,Solano,500,172,83038,113529,25917325,932,71518,0.057,0.004,0.122,0.002,0.069,0.152,0.594,0.213,0.123,0.676,0.16,0.955,0.424,0.062,0.071,475500,2279,610,1429,9722,87011,44572,2.52,33.1,2178.96365,28174
Berkeley,Alameda,2181,1122,95938,140723,196389407,1656,71530,0.083,0.005,0.189,0.003,0.066,0.109,0.546,0.197,0.206,0.426,0.28,0.959,0.718,0.063,0.199,795200,2869,786,1434,11620,70393,44611,2.31,28.3,11579.75167,121240
Beverly Hills,Los Angeles,1218,738,96912,129606,126357426,3649,84665,0.012,0.001,0.094,0,0.049,0.057,0.788,0.07,0.388,0.413,0.52,0.959,0.613,0.09,0.102,1900500,NA,NA,1988,84116,100630,78343,2.37,23.8,6074.781086,34687
Big Bear Lake,San Bernardino,116,79,69908,114314,10458444,2031,37365,0.013,0.004,0.01,0.019,0.004,0.223,0.727,0.24,0.131,0.558,0.177,0.902,0.255,0.213,0.185,384100,1843,617,925,31856,46655,31980,2.37,18.4,824.4094488,5235
Bishop,Inyo,151,33,85884,111659,4727508,1233,41038,0.013,0.004,0.01,0.019,0.004,0.223,0.727,0.24,0.131,0.558,0.177,0.902,0.255,0.213,0.185,384100,1843,617,925,31856,46655,31980,2.37,18.4,824.4094488,5235
Blythe,Riverside,110,50,61668,80646,5543215,281,32107,0.128,0.007,0.022,0.003,0.028,0.545,0.268,0.68,0.176,0.512,0.435,0.703,0.087,0.16,0.237,126300,1341,371,714,8111,40448,14571,2.64,16.9,751.9282169,19693
Brawley,Imperial,262,97,61518,85086,13658473,529,34185,0.014,0.006,0.01,0.002,0.047,0.792,0.13,0.812,0.254,0.535,0.668,0.718,0.115,0.139,0.285,150100,1306,453,775,5552,40745,16838,3.62,19.4,3404.817708,26149
Brea,Orange,541,278,95245,126552,44096285,1066,60725,0.015,0.006,0.196,0,0.045,0.289,0.449,0.31,0.204,0.608,0.297,0.931,0.438,0.1,0.072,579600,2470,619,1616,31252,85555,38543,2.81,32.3,3515.811258,42471
Brentwood,Contra Costa,457,246,97953,123562,36671732,644,61371,0.074,0.001,0.08,0.002,0.071,0.257,0.516,0.332,0.156,0.717,0.229,0.906,0.283,0.057,0.074,428500,2496,730,1977,10381,94130,35013,3.15,42.6,4092.765382,60532
Brisbane,San Mateo,181,71,105817,127090,10541403,2307,73268,0.074,0.001,0.08,0.002,0.071,0.257,0.516,0.332,0.156,0.717,0.229,0.906,0.283,0.057,0.074,428500,2496,730,1977,10381,94130,35013,3.15,42.6,4092.765382,60532
Buellton,Santa Barbara,40,17,72179,92348,2017316,401,47813,0.025,0.012,0.011,0,0.039,0.315,0.598,0.352,0.169,0.702,0.261,0.871,0.311,0.155,0.05,410200,1988,393,1357,26173,71932,31326,2.63,22,3224.683544,5095
Buena Park,Orange,518,228,93597,119268,34226965,413,41363,0.03,0.005,0.282,0.007,0.032,0.392,0.252,0.427,0.37,0.556,0.553,0.819,0.291,0.16,0.141,448900,2178,435,1421,21071,70341,25236,3.51,29.8,7904.562738,83156
Burbank,Los Angeles,1791,973,96485,126714,165039838,1578,56495,0.025,0.004,0.113,0,0.048,0.247,0.563,0.276,0.342,0.412,0.47,0.887,0.4,0.133,0.115,611000,2651,524,1446,22193,67317,35959,2.5,26.9,6023.471742,104447
Burlingame,San Mateo,393,216,86444,115691,30809753,1022,94432,0.012,0.004,0.235,0.004,0.064,0.115,0.566,0.131,0.278,0.466,0.342,0.963,0.605,0.065,0.072,1447400,NA,841,1789,26177,102443,64525,2.43,29,6870.975057,30301
Calabasas,Los Angeles,278,82,73409,100358,11148443,462,91151,0.022,0.002,0.1,0,0.053,0.071,0.752,0.095,0.25,0.693,0.266,0.977,0.64,0.047,0.069,926800,3870,1054,2191,24941,111111,60035,2.74,32.7,1874.108527,24176
Calexico,Imperial,148,112,81559,111088,13722918,345,29653,0.002,0,0.009,0,0.028,0.945,0.017,0.947,0.46,0.509,0.96,0.589,0.145,0.208,0.263,165300,1333,372,839,10999,34734,13365,4.28,22.6,4795.23242,40232
California City,Kern,185,91,62441,85421,9643600,721,38750,0.202,0.014,0.045,0.001,0.062,0.264,0.413,0.48,0.141,0.559,0.229,0.79,0.113,0.128,0.263,93000,1155,363,862,3255,48776,19849,2.74,33.7,67.34964623,13707
Calimesa,Riverside,20,9,48825,65509,935767,111,55083,0.011,0.018,0.025,0.001,0.032,0.247,0.667,0.276,0.079,0.839,0.145,0.894,0.151,0.161,0.163,168700,1582,468,990,8571,46070,26436,2.5,34.6,580.2020202,8616
Calipatria,Imperial,42,8,51484,64038,946890,126,36050,0.152,0.003,0.009,0.001,0.056,0.726,0.053,0.881,0.215,0.498,0.658,0.584,0.03,0.119,0.335,93200,915,275,722,927,34800,6556,3.75,18.8,2023.11828,7526
Calistoga,Napa,150,37,92728,108688,5706695,1080,38980,0.005,0.01,0.029,0.002,0.003,0.483,0.469,0.498,0.373,0.589,0.532,0.763,0.259,0.17,0.089,475800,2403,676,1153,13167,60534,34876,2.6,17.5,2042.692308,5311
Camarillo,Ventura,192,119,96878,128064,18746591,281,59457,0.02,0.002,0.099,0,0.056,0.242,0.579,0.264,0.147,0.674,0.224,0.922,0.404,0.079,0.062,493800,2373,557,1763,23144,88125,40250,2.72,23.5,3449.206349,67363
Campbell,Santa Clara,490,192,97844,126565,26635977,653,75573,0.022,0.004,0.176,0,0.051,0.184,0.562,0.21,0.243,0.501,0.308,0.936,0.515,0.077,0.068,804500,3124,605,1821,18819,103704,51269,2.58,25.5,7058.448276,40939
Canyon Lake,Riverside,19,4,55352,58831,465225,42,55522,0.008,0.003,0.014,0.001,0.023,0.149,0.802,0.16,0.044,0.82,0.073,0.945,0.259,0.058,0.063,379400,2375,634,1708,1081,84015,40072,2.64,43.7,2833.842239,11137
Capitola,Santa Cruz,151,55,84506,103842,7393886,731,55474,0.014,0.009,0.042,0,0.066,0.227,0.643,0.25,0.158,0.443,0.23,0.934,0.369,0.133,0.116,560500,2445,584,1703,46429,73935,41695,2.22,25.9,6402.515723,10180
Carlsbad,San Diego,1338,615,88632,123480,92187866,823,79139,0.011,0.003,0.075,0.002,0.041,0.139,0.729,0.153,0.148,0.639,0.176,0.957,0.555,0.085,0.079,674400,2885,675,1830,24233,97145,49349,2.6,28.6,3020.996819,113952
Carpinteria,Santa Barbara,116,31,67794,93043,3849985,284,47374,0.003,0.009,0.041,0,0.023,0.408,0.516,0.42,0.247,0.568,0.383,0.821,0.344,0.16,0.088,605200,2561,557,1631,11093,72901,37869,2.69,23.5,5283.397683,13684
Carson,Los Angeles,1120,257,74243,114036,41741742,449,40984,0.203,0.008,0.245,0.022,0.074,0.379,0.07,0.59,0.346,0.752,0.54,0.8,0.244,0.143,0.113,366700,2021,422,1422,15037,73829,25183,3.64,27.1,4957.104701,92797
Cathedral City,Riverside,198,148,111466,136087,23425016,439,30705,0.027,0.007,0.045,0.001,0.024,0.59,0.305,0.624,0.319,0.598,0.541,0.763,0.18,0.266,0.218,203900,1577,559,1132,15006,41696,20507,2.99,20.7,2514.232558,54056
Ceres,Stanislaus,252,167,77286,110532,21640307,458,36953,0.021,0.008,0.066,0.006,0.042,0.586,0.272,0.615,0.268,0.596,0.575,0.691,0.1,0.117,0.167,180200,1429,407,1039,9706,49518,18715,3.58,27.7,6027.21598,48278
Cerritos,Los Angeles,628,199,64800,99217,26694892,536,63496,0.082,0.003,0.601,0.001,0.035,0.126,0.152,0.211,0.452,0.789,0.592,0.927,0.504,0.098,0.048,620500,2434,470,2192,49968,95373,36449,3.24,32.7,5790.950745,50555
Chico,Butte,446,353,79497,124644,48159332,538,37195,0.021,0.007,0.041,0.003,0.055,0.159,0.715,0.187,0.081,0.434,0.15,0.924,0.362,0.127,0.252,270900,1612,474,955,20415,43148,24948,2.47,16.6,2781.500608,91567
Chino,San Bernardino,673,337,84465,109103,47521146,567,43686,0.055,0.006,0.112,0.002,0.077,0.501,0.247,0.562,0.227,0.644,0.42,0.773,0.202,0.143,0.122,365500,2087,501,1446,14831,72832,22148,3.43,33.9,2961.403509,87776
Chino Hills,San Bernardino,325,129,77272,116959,20080128,259,62150,0.04,0.003,0.324,0.002,0.049,0.27,0.312,0.313,0.29,0.775,0.422,0.934,0.448,0.089,0.067,537800,2457,656,1916,8314,97222,36145,3.21,38.2,1764.145031,78822
Chowchilla,Madera,80,40,69731,83070,4663075,256,27419,0.098,0.025,0.016,0.005,0.05,0.436,0.369,0.559,0.156,0.481,0.4,0.707,0.08,0.189,0.314,152900,1255,425,953,5400,35903,12932,3.2,23,2380.678851,18236
Chula Vista,San Diego,1394,850,94810,132775,128011222,491,43554,0.045,0.003,0.147,0.005,0.051,0.567,0.181,0.615,0.31,0.581,0.583,0.808,0.279,0.132,0.122,402000,2355,448,1351,10872,66956,25750,3.32,28,5383.276244,267172
Citrus Heights,Sacramento,271,171,88844,113695,23051280,268,40042,0.036,0.009,0.037,0.001,0.049,0.185,0.682,0.23,0.141,0.551,0.196,0.896,0.19,0.138,0.145,218200,1537,439,1048,12132,51715,25515,2.53,25.7,6144.202389,87432
Claremont,Los Angeles,283,140,77407,106027,20320521,567,67237,0.042,0.007,0.153,0,0.044,0.237,0.516,0.286,0.194,0.655,0.295,0.936,0.568,0.061,0.095,581100,2666,630,1399,10709,94005,40743,2.67,26.7,2701.048689,36059
Clayton,Contra Costa,48,19,85170,111160,2629434,225,101875,0.003,0.008,0.067,0.002,0.066,0.082,0.773,0.093,0.099,0.902,0.108,0.979,0.543,0.014,0.028,629200,3062,695,2490,5414,136946,56295,2.81,37.7,3122.916667,11992
Clearlake,Lake,67,38,74300,87306,4000718,265,24065,0.054,0.033,0.001,0.003,0.034,0.245,0.631,0.332,0.091,0.502,0.196,0.768,0.091,0.178,0.381,84200,1043,369,805,11210,25426,15463,2.35,27.2,1485.982231,15053
Cloverdale,Sonoma,57,34,82956,113477,4968880,567,41923,0.012,0.034,0.03,0,0.034,0.327,0.563,0.373,0.185,0.683,0.323,0.827,0.232,0.106,0.054,355200,1880,529,1171,6248,64144,30037,2.74,28.3,3321.132075,8801
Clovis,Fresno,688,461,84799,110187,60904762,596,49806,0.026,0.01,0.104,0.003,0.041,0.281,0.535,0.317,0.118,0.599,0.239,0.895,0.307,0.094,0.132,263500,1837,507,1093,15171,64640,29876,2.9,21.1,4578.30756,106583
Coachella,Riverside,89,63,82309,95583,7844495,178,25967,0.008,0.008,0.001,0,0.005,0.962,0.016,0.978,0.396,0.649,0.881,0.522,0.033,0.268,0.301,161400,1383,475,895,6075,36124,12846,3.85,21.8,1552.780656,44953
Coalinga,Fresno,131,72,59778,78191,7051242,424,32048,0.056,0.008,0.024,0.004,0.054,0.552,0.302,0.616,0.194,0.534,0.436,0.71,0.117,0.131,0.237,153000,1447,404,833,6579,51265,17892,3.04,20.5,2712.091503,16598
Colton,San Bernardino,434,254,85319,114885,35411973,657,32151,0.078,0.008,0.047,0.007,0.031,0.668,0.161,0.754,0.216,0.502,0.457,0.739,0.132,0.185,0.205,189500,1471,403,1044,9052,43966,17612,3.34,26,3571.279373,54712
Colusa,Colusa,65,33,61499,68400,2705197,455,32009,0.013,0.007,0.017,0.003,0.04,0.534,0.387,0.554,0.194,0.602,0.417,0.721,0.161,0.144,0.18,194900,1378,397,805,12768,48877,22392,2.83,24.7,3244.262295,5937
Commerce,Los Angeles,499,238,61072,87949,25617331,1971,30265,0.009,0.01,0.009,0.001,0.024,0.936,0.012,0.955,0.327,0.417,0.757,0.554,0.07,0.225,0.163,343200,1600,333,988,72989,42235,15591,3.59,26.5,1983.639144,12973
Compton,Los Angeles,478,432,49721,82294,40537315,414,27591,0.305,0.004,0.01,0.003,0.018,0.65,0.011,0.959,0.306,0.545,0.626,0.608,0.082,0.209,0.255,264300,1636,376,1110,3780,45406,14820,4.09,29.8,9745.254745,97550
Concord,Contra Costa,674,345,108265,158115,60631425,477,51885,0.042,0.004,0.11,0.005,0.062,0.299,0.479,0.345,0.269,0.582,0.362,0.874,0.33,0.133,0.122,423100,2200,506,1387,19057,71477,33149,2.75,33.5,4213.617021,128726
Corcoran,Kings,86,59,50061,64341,4863913,212,30863,0.103,0.018,0.01,0.002,0.036,0.65,0.181,0.771,0.199,0.429,0.506,0.588,0.033,0.169,0.362,111700,1057,320,752,2411,35531,8673,3.37,21,3028.915663,22626
Corona,Riverside,907,536,114496,165603,97026299,600,46350,0.047,0.005,0.112,0.005,0.042,0.422,0.367,0.474,0.264,0.651,0.413,0.843,0.266,0.15,0.117,378500,2192,562,1426,16516,72309,28182,3.26,36.5,4295.261396,166785
Coronado,San Diego,692,211,82499,97308,25856821,1040,77304,0.039,0.004,0.029,0.003,0.028,0.15,0.747,0.193,0.1,0.49,0.156,0.976,0.59,0.044,0.058,1332500,3610,948,2268,3518,92413,51674,2.35,18.6,3272.635561,25952
Corte Madera,Marin,137,39,128969,156983,8091690,834,103250,0.009,0,0.056,0,0.036,0.099,0.8,0.108,0.14,0.688,0.187,0.965,0.643,0.045,0.037,1061700,NA,836,2025,158556,125915,67253,2.55,33.2,3119.620253,9858
Costa Mesa,Orange,774,380,118317,163276,77577585,689,50240,0.017,0.004,0.087,0.006,0.038,0.355,0.494,0.376,0.252,0.385,0.386,0.847,0.374,0.18,0.135,637200,2561,475,1641,34092,70438,35280,2.71,22.5,7209.073482,112822
Cotati,Sonoma,55,33,79606,116334,4556106,614,51313,0.035,0,0.032,0.002,0.063,0.179,0.69,0.214,0.146,0.581,0.18,0.892,0.361,0.088,0.097,429700,2066,658,1327,18310,64754,34196,2.56,28.8,3965.425532,7455
Covina,Los Angeles,455,98,101885,121226,18238753,375,41873,0.039,0.008,0.119,0,0.052,0.548,0.234,0.595,0.232,0.546,0.451,0.859,0.274,0.117,0.105,415300,2129,476,1300,13881,65451,26008,3.17,33.1,6905.974395,48549
Crescent City,Del Norte,166,46,58079,72988,4689187,673,25478,0.077,0.033,0.034,0.002,0.04,0.354,0.459,0.464,0.075,0.308,0.2,0.682,0.094,0.095,0.291,120400,980,320,733,13237,27569,11647,2.23,16.9,3403.061224,6670
Cudahy,Los Angeles,61,19,77771,86470,2071949,85,25226,0.004,0.003,0.006,0.002,0.021,0.938,0.026,0.945,0.454,0.149,0.934,0.457,0.06,0.281,0.304,285900,1716,427,1154,3737,39058,11766,4.4,31.8,20422.0339,24098
Culver City,Los Angeles,887,566,85039,116714,90210601,2289,63687,0.08,0.006,0.155,0,0.055,0.231,0.473,0.317,0.249,0.533,0.371,0.922,0.556,0.096,0.076,675800,2628,555,1678,42232,82000,46950,2.34,25.7,7703.32681,39364
Cupertino,Santa Clara,426,187,79688,111003,23646908,392,131533,0.005,0.002,0.66,0.003,0.027,0.045,0.259,0.052,0.518,0.63,0.63,0.971,0.766,0.027,0.045,1214300,3719,762,2579,NA,147929,60040,2.92,27.3,5385.701599,60643
Cypress,Orange,263,129,89318,113230,17504712,357,58890,0.044,0.005,0.313,0.003,0.041,0.192,0.403,0.241,0.289,0.665,0.394,0.921,0.395,0.109,0.064,540900,2448,518,1667,12587,84469,34291,3.06,30.3,7432.522796,48906
Daly City,San Mateo,793,399,97925,137176,68154314,645,44040,0.031,0.005,0.56,0.01,0.034,0.23,0.13,0.266,0.523,0.558,0.678,0.856,0.351,0.111,0.089,611800,2540,523,1769,8539,79346,30377,3.31,29.7,13899.7389,106472
Dana Point,Orange,74,61,90515,100115,7451579,219,69167,0.009,0.003,0.03,0,0.026,0.176,0.756,0.188,0.143,0.606,0.195,0.939,0.47,0.134,0.079,780300,2916,692,1813,9998,83913,54140,2.31,28.5,5232.615385,34012
Danville,Contra Costa,297,90,64387,89700,10192890,232,123384,0.017,0.001,0.124,0.001,0.032,0.064,0.761,0.082,0.141,0.846,0.165,0.98,0.664,0.024,0.028,919500,3522,890,2359,12720,146603,69758,2.78,31.9,2475.374376,44631
Davis,Yolo,848,303,85210,117696,43007941,643,55500,0.028,0.001,0.22,0.003,0.057,0.141,0.55,0.17,0.198,0.423,0.3,0.965,0.732,0.06,0.288,565700,2415,610,1291,7062,57683,34221,2.63,21.4,6886.85541,68111
Delano,Kern,390,247,58515,80295,23509411,447,26210,0.044,0.008,0.117,0.002,0.023,0.749,0.058,0.801,0.379,0.558,0.773,0.553,0.072,0.185,0.292,160700,1174,360,786,5290,36265,11255,3.96,18.3,3685.804196,52707
Desert Hot Springs,Riverside,84,41,63096,78300,4847062,172,31646,0.066,0.009,0.025,0.004,0.045,0.545,0.306,0.62,0.242,0.455,0.451,0.681,0.122,0.216,0.339,143300,1227,381,899,5206,34059,14724,3.01,30.5,1206.265876,28492
Diamond Bar,Los Angeles,134,47,87285,110288,7201186,127,57006,0.04,0.006,0.522,0.009,0.038,0.191,0.194,0.237,0.433,0.764,0.581,0.924,0.507,0.103,0.059,593100,2349,652,1855,5529,89845,34600,3.18,35.1,3816.733871,56793
Dinuba,Tulare,246,144,73391,93811,14503974,618,26917,0.003,0.005,0.02,0,0.029,0.842,0.101,0.85,0.309,0.482,0.697,0.596,0.072,0.198,0.267,157000,1226,339,898,11235,38008,13988,3.81,22.3,3703.400309,23961
Dorris,Siskiyou,11,2,31074,41423,202747,196,22391,0.003,0.005,0.02,0,0.029,0.842,0.101,0.85,0.309,0.482,0.697,0.596,0.072,0.198,0.267,157000,1226,339,898,11235,38008,13988,3.81,22.3,3703.400309,23961
Downey,Los Angeles,1014,336,115441,152297,57123020,504,38263,0.037,0.003,0.069,0.002,0.027,0.718,0.143,0.758,0.34,0.493,0.688,0.767,0.219,0.179,0.11,449900,2291,447,1276,10311,65332,24388,3.43,29.8,9127.07494,113267
Duarte,Los Angeles,249,41,78250,93566,5662201,259,42053,0.085,0.006,0.173,0,0.049,0.451,0.235,0.542,0.34,0.616,0.534,0.815,0.305,0.183,0.149,385600,1977,473,1421,23217,65571,26106,3.15,29.4,3258.744395,21801
Dublin,Alameda,334,75,99080,121929,12734620,233,99915,0.06,0.005,0.363,0.003,0.061,0.1,0.409,0.165,0.319,0.654,0.4,0.927,0.586,0.038,0.043,693900,3158,681,2154,27248,128403,50889,2.83,36.7,3996.177062,59583
East Palo Alto,San Mateo,129,94,92203,117863,12570489,428,34754,0.122,0.004,0.036,0.097,0.041,0.624,0.075,0.75,0.416,0.335,0.733,0.665,0.169,0.159,0.166,515900,2541,611,1510,9372,55170,20336,3.97,23.7,11826.29482,29684
Eastvale,Riverside,21,3,74241,86257,890691,15,56646,0.084,0.004,0.268,0.001,0.069,0.383,0.192,0.471,0.295,0.756,0.473,0.877,0.349,0.094,0.073,460100,2754,840,2507,4926,104940,29009,4.13,42.5,5364.122807,61151
El Cajon,San Diego,572,355,93209,135031,50801492,493,36571,0.056,0.005,0.036,0.013,0.066,0.273,0.551,0.334,0.294,0.383,0.427,0.811,0.191,0.155,0.241,369000,2014,510,1137,17312,46374,21396,3.04,25.7,7191.129591,103768
El Centro,Imperial,360,208,63165,80770,20885422,477,32910,0.022,0.005,0.022,0.002,0.058,0.795,0.097,0.822,0.34,0.498,0.798,0.685,0.18,0.157,0.248,164900,1453,430,748,21479,41849,18172,3.48,19.3,3989.259928,44201
El Cerrito,Contra Costa,354,141,117049,135348,23427687,950,69291,0.065,0.005,0.266,0.002,0.075,0.11,0.477,0.18,0.275,0.598,0.352,0.944,0.616,0.107,0.091,636600,2650,559,1567,16529,92670,47373,2.46,32.9,6883.468835,25400
Elk Grove,Sacramento,355,273,94413,119461,38845006,237,52428,0.103,0.007,0.272,0.011,0.084,0.178,0.346,0.288,0.229,0.721,0.338,0.904,0.362,0.066,0.097,317500,1992,572,1489,11468,83141,31928,3.22,30.9,4023.29936,169743
El Monte,Los Angeles,508,244,91197,164617,47895564,414,25718,0.005,0.005,0.284,0.003,0.014,0.648,0.041,0.658,0.492,0.393,0.842,0.584,0.114,0.255,0.238,374900,1825,405,1118,14567,40654,15597,3.8,31.3,12113.70293,115807
El Segundo,Los Angeles,529,217,104509,132767,43299277,2561,82622,0.017,0.005,0.072,0.004,0.077,0.177,0.649,0.199,0.126,0.439,0.196,0.955,0.515,0.073,0.082,828300,3155,535,1638,91363,91623,47749,2.53,23.8,3093.956044,16893
Emeryville,Alameda,290,120,97446,122644,18923707,1703,76152,0.144,0.014,0.244,0.004,0.078,0.108,0.408,0.266,0.276,0.366,0.331,0.963,0.678,0.084,0.121,396900,2245,682,1749,65798,74295,56614,1.77,30,9336.8,11671
Encinitas,San Diego,403,219,89390,120176,30783329,495,72971,0.007,0.002,0.053,0.001,0.022,0.126,0.789,0.135,0.129,0.639,0.164,0.947,0.606,0.095,0.074,820400,2959,635,1791,18358,100698,52807,2.61,25.2,3356.246677,63131
Escalon,San Joaquin,23,62993,82327,2260678,NA,NA,NA,0,0.002,0.011,0.001,0.053,0.282,0.652,0.284,0.101,0.662,0.162,0.875,0.159,0.078,0.118,256800,1791,392,1228,8732,65258,28148,2.81,25.8,3270.434783,7522
Escondido,San Diego,1195,693,83209,117505,99592270,664,35763,0.025,0.01,0.066,0.002,0.035,0.486,0.375,0.521,0.291,0.489,0.482,0.745,0.226,0.218,0.177,368500,2082,510,1237,18878,54268,23397,3.27,27.1,4118.799239,151613
Eureka,Humboldt,462,186,55468,77577,18334422,679,28659,0.018,0.028,0.058,0,0.073,0.101,0.722,0.147,0.066,0.457,0.13,0.871,0.257,0.185,0.234,241700,1454,343,844,36027,39063,22645,2.35,12.4,2902.558635,27226
Exeter,Tulare,87,31,61484,73153,3097251,294,31677,0.011,0.016,0.01,0.002,0.034,0.429,0.499,0.456,0.117,0.608,0.282,0.784,0.151,0.116,0.253,175000,1225,332,857,6225,42590,21394,3.04,20.5,4270.731707,10506
Fairfax,Marin,51,28,73638,94257,3431887,451,82178,0.007,0.004,0.028,0,0.045,0.06,0.856,0.071,0.087,0.672,0.101,0.97,0.601,0.06,0.064,733800,2938,719,1690,6007,99438,58595,2.3,31.9,3453.636364,7598
Fairfield,Solano,913,460,96683,133797,74982445,675,47677,0.139,0.005,0.161,0.012,0.071,0.293,0.32,0.437,0.224,0.558,0.357,0.853,0.252,0.102,0.121,305400,2001,467,1359,12988,69396,29080,3.09,30.3,3069.162878,114756
Farmersville,Tulare,35,31,67205,85874,3003779,280,25780,0.022,0.012,0.001,0,0.007,0.847,0.112,0.881,0.267,0.661,0.753,0.55,0.028,0.204,0.294,124400,922,285,730,1994,33689,11621,4.07,24.4,4750,10735
Fillmore,Ventura,137,25,63090,75630,3013146,195,34602,0.001,0.008,0.008,0.002,0.029,0.762,0.191,0.771,0.283,0.685,0.622,0.646,0.115,0.144,0.192,320600,2061,393,1192,5990,55512,20069,3.52,30.3,4645.833333,15610
Firebaugh,Fresno,47,30,50341,71366,2494717,305,26629,0,0.008,0,0,0.014,0.916,0.063,0.924,0.383,0.472,0.801,0.469,0.053,0.192,0.368,122400,1232,365,676,3438,36181,13381,3.79,22.7,2402.023121,8311
Folsom,Sacramento,847,373,85736,124920,57331979,764,83723,0.045,0.005,0.154,0.004,0.053,0.108,0.631,0.158,0.159,0.69,0.205,0.925,0.483,0.041,0.047,433300,2304,611,1465,22342,102692,41732,2.61,24.8,3520.318907,77271
Fontana,San Bernardino,1463,498,88312,116925,77815507,379,36778,0.09,0.009,0.06,0.006,0.038,0.657,0.14,0.756,0.286,0.636,0.588,0.733,0.161,0.187,0.151,289400,1865,446,1167,10629,65995,20265,3.99,32.8,4941.432948,209665
Fort Bragg,Mendocino,73,53,64152,83742,5202564,716,32679,0.007,0.019,0.01,0.004,0.031,0.335,0.595,0.361,0.205,0.359,0.337,0.822,0.205,0.159,0.22,294900,1779,413,985,22327,37250,20514,2.51,12.8,2649.818182,7287
Fortuna,Humboldt,138,60,48875,71868,5689052,477,31777,0.003,0.028,0.013,0.002,0.047,0.186,0.721,0.217,0.1,0.549,0.153,0.855,0.154,0.164,0.163,244000,1463,387,902,13721,44904,20620,2.65,21,2499.381443,12122
Foster City,San Mateo,311,159,113327,152593,30522429,925,109116,0.018,0.002,0.467,0.001,0.054,0.045,0.414,0.065,0.438,0.577,0.509,0.961,0.694,0.023,0.043,949900,3190,740,2535,9494,129733,60812,2.54,30.3,9089.095745,34175
Fountain Valley,Orange,307,201,101973,129326,29168217,514,57555,0.007,0.003,0.329,0.003,0.045,0.158,0.455,0.168,0.31,0.696,0.41,0.905,0.422,0.096,0.085,626600,2485,511,1778,22998,84763,35713,2.98,27.8,6267.073171,56529
Fowler,Fresno,58,0,NA,NA,1915691,314,32161,0.004,0.003,0.116,0,0.029,0.683,0.165,0.69,0.181,0.538,0.493,0.711,0.134,0.124,0.239,201000,1519,420,871,7518,47572,18305,3.41,20.8,2509.090909,6348
Fremont,Alameda,1588,797,116202,165981,154239334,676,83043,0.031,0.005,0.549,0.009,0.057,0.131,0.219,0.167,0.464,0.616,0.592,0.93,0.54,0.055,0.053,702800,2763,593,1868,11793,111613,43875,3.1,32.8,3009.759876,233136
Fresno,Fresno,4255,3012,65413,85797,306710212,596,34127,0.078,0.011,0.13,0.002,0.043,0.47,0.267,0.559,0.207,0.465,0.428,0.753,0.205,0.154,0.3,187500,1454,414,901,11782,41842,20141,3.08,21.6,4662.852805,522053
Fullerton,Orange,984,532,79693,113694,81912598,587,45319,0.024,0.003,0.243,0.003,0.047,0.349,0.331,0.376,0.316,0.517,0.475,0.867,0.395,0.156,0.153,551300,2491,513,1397,10943,67110,30911,3.02,29.3,6296.241611,140721
Galt,Sacramento,380,110,67302,96444,14222912,572,41542,0.016,0.014,0.043,0.003,0.062,0.43,0.431,0.46,0.186,0.704,0.343,0.821,0.168,0.14,0.177,239000,1683,447,1098,7893,63681,24639,3.26,31.9,4322.596965,25633
Gardena,Los Angeles,589,341,72450,95359,42777008,714,37039,0.244,0.003,0.247,0.009,0.037,0.366,0.094,0.613,0.334,0.506,0.516,0.82,0.241,0.179,0.15,372500,2060,385,1180,12674,50137,24115,2.86,27.1,10299.82847,60048
Garden Grove,Orange,872,557,95734,130271,89009127,509,36590,0.01,0.006,0.388,0.003,0.023,0.364,0.206,0.38,0.443,0.538,0.666,0.74,0.198,0.163,0.162,445700,2069,444,1377,9497,60522,22035,3.62,27,9746.822742,174858
Gilroy,Santa Clara,463,212,114307,158383,37699929,717,50538,0.016,0.008,0.06,0,0.039,0.586,0.291,0.61,0.254,0.575,0.459,0.78,0.256,0.114,0.13,528700,2692,551,1521,23527,84351,30763,3.38,32.9,3409.845201,55069
Glendale,Los Angeles,1292,634,79771,104343,88939911,449,49313,0.016,0.003,0.161,0.001,0.036,0.181,0.603,0.2,0.544,0.345,0.696,0.851,0.39,0.152,0.147,639700,2716,615,1355,16137,56069,31541,2.72,27.7,6595.43514,200831
Glendora,Los Angeles,345,181,74828,93247,23311881,454,54991,0.023,0.003,0.101,0.001,0.048,0.303,0.522,0.329,0.175,0.694,0.276,0.903,0.332,0.095,0.094,481800,2333,516,1466,13569,78448,33967,3,32.2,2674.110366,51851
Goleta,Santa Barbara,84,41,117230,134238,6710416,218,50759,0.017,0.008,0.085,0.001,0.046,0.375,0.468,0.4,0.225,0.541,0.363,0.885,0.417,0.081,0.084,650200,2543,523,1708,24025,81398,36215,2.76,16.2,3905.063291,30850
Gonzales,Monterey,107,27,59430,81447,3708177,441,33220,0.005,0.007,0.015,0,0.004,0.924,0.045,0.936,0.341,0.486,0.761,0.527,0.084,0.175,0.234,253700,1636,326,1179,2541,52940,15321,4.23,22.8,4406.25,8460
Grand Terrace,San Bernardino,70,12,57443,67444,1883256,151,43521,0.061,0.007,0.054,0,0.055,0.453,0.37,0.521,0.155,0.61,0.288,0.894,0.292,0.109,0.09,249700,1744,410,1280,5392,64188,28024,2.79,24,3574,12509
Grass Valley,Nevada,116,64,80289,120023,9142102,710,34821,0.001,0.03,0.01,0,0.024,0.117,0.817,0.148,0.079,0.411,0.097,0.896,0.246,0.154,0.255,254400,1459,425,961,43353,35524,25402,2.08,15.8,2728.691983,12934
Greenfield,Monterey,82,44,63569,77934,4278832,251,27262,0.007,0.004,0.006,0,0.013,0.894,0.076,0.905,0.417,0.484,0.818,0.504,0.048,0.246,0.255,230300,1458,369,1173,2749,46506,12992,4.59,24.9,8143.925234,17428
Gridley,Butte,74,48,66711,93256,5275831,804,28060,0.002,0.014,0.031,0,0.024,0.473,0.455,0.489,0.231,0.505,0.424,0.692,0.145,0.122,0.227,158000,1303,303,769,15210,39583,17363,2.83,19.9,3181.642512,6586
Grover Beach,San Luis Obispo,72,49,76123,98641,5726205,424,36777,0.02,0.017,0.063,0.011,0.046,0.275,0.569,0.312,0.125,0.433,0.228,0.874,0.269,0.156,0.11,430200,1977,413,1200,7188,58895,30493,2.43,22.7,5905.194805,13641
Guadalupe,Santa Barbara,66,30,70455,86813,2782412,383,28083,0.001,0.018,0.033,0,0.018,0.845,0.085,0.864,0.327,0.532,0.697,0.589,0.083,0.182,0.188,210900,1408,330,1140,1878,41907,15638,3.75,21.2,5588.549618,7321
Gustine,Merced,62,18,54632,59371,1677797,295,36096,0.003,0.003,0.005,0,0.044,0.589,0.356,0.595,0.319,0.546,0.517,0.666,0.1,0.248,0.147,151900,1247,296,854,2468,37770,24689,2.9,26.2,3752.903226,5817
Half Moon Bay,San Mateo,42,17,99292,106529,3083003,251,73955,0.008,0.002,0.061,0.006,0.03,0.276,0.617,0.286,0.251,0.714,0.321,0.858,0.483,0.069,0.04,774000,2972,768,2032,14455,106211,64853,2.49,29.8,1977.725857,12697
Hanford,Kings,367,259,60368,81013,23642275,430,36277,0.047,0.007,0.045,0.001,0.041,0.473,0.387,0.527,0.145,0.544,0.35,0.822,0.182,0.114,0.197,174300,1411,394,934,13652,51231,23300,3.04,20.2,3348.22182,55547
Hawaiian Gardens,Los Angeles,181,54,66982,102689,6986051,482,27329,0.046,0.006,0.123,0.001,0.024,0.735,0.066,0.787,0.391,0.375,0.777,0.63,0.104,0.254,0.296,288200,1600,399,1160,4168,36026,13538,3.77,26.3,15234.73684,14473
Hawthorne,Los Angeles,393,219,92456,123418,33302354,383,32408,0.22,0.004,0.064,0.005,0.089,0.531,0.088,0.755,0.358,0.269,0.602,0.742,0.193,0.208,0.192,419600,2308,386,1068,16132,45089,21182,2.97,28.4,14478.78289,88031
Hayward,Alameda,943,724,115755,162707,135637434,877,41749,0.11,0.007,0.246,0.022,0.06,0.389,0.165,0.506,0.389,0.51,0.576,0.808,0.264,0.127,0.125,404500,2224,463,1417,11819,68138,27774,3.24,31.8,3506.994704,158937
Healdsburg,Sonoma,258,124,91541,113957,15683030,1350,52823,0.001,0.003,0.012,0.001,0.045,0.316,0.622,0.32,0.189,0.583,0.268,0.889,0.411,0.137,0.077,596700,2440,537,1445,19415,69709,41514,2.42,22.2,2651.793722,11827
Hemet,Riverside,310,235,77373,112470,34129162,412,34802,0.08,0.01,0.027,0.003,0.05,0.398,0.433,0.488,0.148,0.558,0.291,0.793,0.112,0.182,0.244,139400,1319,406,979,10432,35609,17751,2.78,33.3,3026.247756,84281
Hercules,Contra Costa,158,66,86756,110548,9399586,375,60013,0.18,0.002,0.467,0.001,0.072,0.13,0.147,0.312,0.354,0.789,0.469,0.926,0.433,0.084,0.051,422200,2388,670,1693,2738,103044,38133,3.06,40.7,4083.73591,25360
Hermosa Beach,Los Angeles,249,114,82551,100476,18445598,935,100804,0.013,0.009,0.047,0,0.042,0.078,0.812,0.1,0.098,0.473,0.097,0.991,0.735,0.048,0.046,1166800,NA,598,1963,8152,121345,87379,2.14,32.2,13838.46154,19789
Hesperia,San Bernardino,240,128,57092,70867,13515720,145,36364,0.054,0.018,0.016,0.002,0.028,0.534,0.349,0.606,0.167,0.616,0.325,0.762,0.096,0.16,0.248,172800,1319,352,1079,6685,46446,17037,3.53,36.4,1282.134063,93724
Hidden Hills,Los Angeles,4,4,83621,98364,418610,266,156250,0.054,0.018,0.016,0.002,0.028,0.534,0.349,0.606,0.167,0.616,0.325,0.762,0.096,0.16,0.248,172800,1319,352,1079,6685,46446,17037,3.53,36.4,1282.134063,93724
Highland,San Bernardino,50,28,67175,90020,3797086,69,38022,0.084,0.01,0.087,0,0.05,0.471,0.298,0.565,0.222,0.64,0.43,0.764,0.2,0.143,0.207,269000,1830,443,969,4337,53504,22307,3.51,25.6,2930.08,54939
Hillsborough,San Mateo,109,76,104770,142637,13110333,1158,151372,0.016,0.001,0.272,0,0.062,0.045,0.603,0.062,0.227,0.92,0.276,0.975,0.771,0.02,0.028,NA,NA,NA,2483,NA,216292,116164,3.05,28.1,1846.688207,11431
Hollister,San Benito,248,3,27302,28428,17005848,460,42212,0.008,0.01,0.023,0.002,0.051,0.644,0.263,0.662,0.223,0.588,0.447,0.746,0.15,0.135,0.119,365900,2144,534,1315,8815,71948,24102,3.54,32.6,5189.711934,37833
Holtville,Imperial,49,20,47353,56816,1420103,227,31563,0.003,0.02,0.012,0,0.027,0.74,0.198,0.763,0.314,0.559,0.739,0.579,0.132,0.102,0.325,150900,1254,346,716,1542,28115,13867,3.58,27.2,5595.652174,6435
Hughson,Stanislaus,36,13,53929,85616,1459273,203,54811,0.022,0.004,0.07,0.007,0.029,0.265,0.603,0.291,0.116,0.645,0.263,0.804,0.199,0.12,0.184,256300,1711,518,1125,3160,54352,26166,3.05,28.5,4075.274725,7417
Huntington Beach,Orange,1661,829,107786,148079,150198491,755,61774,0.012,0.004,0.113,0.004,0.045,0.192,0.63,0.208,0.165,0.584,0.225,0.923,0.419,0.103,0.09,659700,2651,568,1686,12868,85312,43863,2.62,28.6,7501.009346,200652
Huntington Park,Los Angeles,280,128,85472,112842,17740451,301,24190,0.006,0.003,0.007,0.003,0.01,0.957,0.015,0.966,0.483,0.255,0.94,0.427,0.061,0.272,0.289,322300,1754,403,961,10612,35629,12767,3.98,30.3,19561.12957,58879
Huron,Fresno,43,15,43829,47566,1239521,181,26159,0,0,0,0,0.011,0.968,0.021,0.968,0.527,0.315,0.937,0.247,0.015,0.283,0.39,119100,998,385,663,2699,25321,10135,4.04,28.2,4365.408805,6941
Imperial,Imperial,117,57,59857,63357,4269975,257,53295,0.027,0.009,0.022,0.002,0.058,0.725,0.157,0.761,0.221,0.746,0.632,0.849,0.209,0.12,0.053,194200,1683,451,1233,5620,85503,24433,3.8,19.9,2935.665529,17203
Imperial Beach,San Diego,167,68,69080,84032,7805824,287,35292,0.033,0.008,0.084,0.007,0.072,0.486,0.311,0.527,0.215,0.308,0.482,0.812,0.169,0.181,0.195,380900,2023,390,1255,1689,48010,21239,2.96,26.7,6590.865385,27418
Indian Wells,Riverside,37,26,96636,133038,4458170,858,111987,0.012,0,0.058,0,0.015,0.028,0.887,0.04,0.147,0.859,0.119,0.945,0.559,0.043,0.049,667000,3173,1247,725,5619,96961,96234,1.87,27.3,373.2541899,5345
Indio,Riverside,289,192,88922,114607,27599371,323,33723,0.029,0.01,0.024,0.001,0.028,0.659,0.249,0.698,0.274,0.645,0.565,0.742,0.16,0.212,0.189,230300,1681,560,1055,10882,49551,22249,3.1,22.9,3032.488005,88488
Inglewood,Los Angeles,837,509,83551,153578,98181529,884,32486,0.417,0.006,0.013,0.003,0.036,0.489,0.036,0.912,0.282,0.347,0.509,0.734,0.189,0.21,0.207,355300,1922,434,1141,10972,44377,21013,2.98,30.5,12200,110654
Ione,Amador,49,15,70957,77440,1461957,207,49083,0.114,0.021,0.013,0.002,0.032,0.241,0.577,0.376,0.094,0.746,0.247,0.731,0.129,0.068,0.141,243100,1698,496,1067,1140,57423,14899,2.34,26.9,1473.165618,7027
Irvine,Orange,1800,741,97016,136152,123310514,499,82014,0.021,0.001,0.41,0.002,0.049,0.096,0.421,0.118,0.39,0.478,0.483,0.966,0.68,0.066,0.127,718800,2901,721,1997,18499,93823,45140,2.66,24.9,4025.442444,266122
Irwindale,Los Angeles,172,67,83069,113358,10375788,7866,38438,0.021,0.001,0.41,0.002,0.049,0.096,0.421,0.118,0.39,0.478,0.483,0.966,0.68,0.066,0.127,718800,2901,721,1997,18499,93823,45140,2.66,24.9,4025.442444,266122
Jackson,Amador,83,28,63585,90309,2984187,644,36654,0.021,0.001,0.41,0.002,0.049,0.096,0.421,0.118,0.39,0.478,0.483,0.966,0.68,0.066,0.127,718800,2901,721,1997,18499,93823,45140,2.66,24.9,4025.442444,266122
Jurupa Valley,Riverside,19,9,108320,114726,1186978,11,36629,0.028,0.013,0.028,0.003,0.036,0.666,0.226,0.707,0.264,0.635,0.566,0.687,0.107,0.216,0.178,270700,1654,468,1141,3942,58849,19236,3.92,31.5,NA,103541
Kerman,Fresno,117,53,59897,74385,4762569,330,29271,0,0.001,0.047,0,0.054,0.774,0.125,0.775,0.348,0.544,0.701,0.563,0.082,0.182,0.249,191100,1474,417,793,5133,42046,15555,3.79,23.4,4518.266254,14594
King City,Monterey,110,23,72332,86186,3130166,231,24370,0.009,0.004,0.014,0,0.021,0.879,0.074,0.892,0.495,0.446,0.859,0.432,0.044,0.279,0.254,216900,1440,409,995,12407,38766,14216,4.35,20.7,3602.337662,13869
Kingsburg,Fresno,135,38,67393,79611,4167867,355,45654,0.001,0.008,0.023,0,0.046,0.389,0.533,0.398,0.092,0.646,0.228,0.893,0.297,0.158,0.178,230100,1498,519,886,7592,61925,24603,3.01,23.9,4172.084806,11807
La Canada Flintridge,Los Angeles,47,25,90912,106674,3278805,160,102309,0.001,0.008,0.023,0,0.046,0.389,0.533,0.398,0.092,0.646,0.228,0.893,0.297,0.158,0.178,230100,1498,519,886,7592,61925,24603,3.01,23.9,4172.084806,11807
Lafayette,Contra Costa,118,33,93009,117916,5805547,228,135127,0.011,0.001,0.098,0,0.055,0.071,0.764,0.083,0.135,0.726,0.142,0.978,0.726,0.028,0.053,1127400,NA,777,1816,10395,142977,76726,2.67,30.8,1715.045992,26103
Laguna Beach,Orange,641,234,97720,128554,37791033,1628,100484,0.009,0.001,0.043,0.004,0.025,0.077,0.841,0.087,0.13,0.607,0.133,0.977,0.665,0.081,0.074,1390500,3830,816,2028,8729,100506,80303,2.13,27.5,2620.338983,23190
Laguna Hills,Orange,71,25,86214,105130,4315757,138,60636,0.019,0.007,0.144,0.004,0.045,0.207,0.575,0.233,0.269,0.697,0.333,0.913,0.467,0.107,0.08,628800,2618,708,1862,14625,92690,45139,2.97,24.7,4723.988006,31509
Laguna Niguel,Orange,191,56,81239,107689,7832810,120,79706,0.02,0.007,0.09,0.002,0.057,0.164,0.661,0.191,0.2,0.7,0.233,0.96,0.545,0.059,0.067,712000,2887,703,1908,19456,97894,52025,2.6,29.4,4405.124747,65328
Laguna Woods,Orange,15,6,81519,94730,845574,51,47434,0.006,0,0.161,0.001,0.01,0.046,0.776,0.052,0.314,0.759,0.252,0.95,0.425,0.084,0.108,228700,1567,803,1537,8134,39201,39339,1.45,25.8,5215.384615,16272
La Habra,Orange,526,250,68728,88057,28144540,456,41200,0.01,0.005,0.108,0.001,0.04,0.571,0.266,0.586,0.286,0.543,0.49,0.82,0.255,0.163,0.137,436200,2090,479,1353,14857,65799,27292,3.23,30.5,8366.892809,61664
La Habra Heights,Los Angeles,85,8,63258,81034,1592348,294,79526,0.001,0.001,0.255,0.005,0.016,0.166,0.556,0.168,0.252,0.936,0.37,0.943,0.478,0.096,0.035,893200,3567,758,2350,NA,110329,58862,2.95,36.9,878.4090909,5411
Lake Elsinore,Riverside,126,66,64651,83714,7191812,119,42404,0.043,0.003,0.042,0.006,0.069,0.503,0.335,0.549,0.215,0.62,0.395,0.79,0.167,0.142,0.15,259700,1866,534,1304,14196,63306,21191,3.75,44.1,1773.12897,64205
Lake Forest,Orange,204,56,85053,104090,8440208,104,62691,0.022,0.006,0.15,0.003,0.041,0.229,0.55,0.257,0.233,0.699,0.305,0.921,0.451,0.098,0.076,550600,2387,591,1777,13545,92415,39913,2.91,25.9,4671.156004,83240
Lakewood,Los Angeles,599,167,75641,91807,21794106,268,54444,0.069,0.005,0.172,0.016,0.056,0.325,0.357,0.399,0.221,0.717,0.345,0.888,0.284,0.102,0.075,445800,2174,397,1538,13663,82175,30730,3.12,29.2,8613.375796,81138
La Mesa,San Diego,381,216,89545,127863,31301944,529,46481,0.075,0.007,0.054,0.005,0.071,0.249,0.54,0.331,0.15,0.412,0.238,0.917,0.354,0.131,0.12,421200,2060,445,1312,18403,56693,31238,2.45,24.2,6602.202643,59948
La Mirada,Los Angeles,380,75,64354,96819,11073458,225,52373,0.02,0.003,0.192,0.002,0.052,0.397,0.332,0.42,0.238,0.772,0.431,0.891,0.298,0.101,0.072,448400,2186,446,1642,7997,81956,29856,3.19,31,6277.55102,49216
Lancaster,Los Angeles,735,228,73056,109477,32711002,204,38204,0.209,0.004,0.039,0.003,0.044,0.376,0.326,0.589,0.129,0.548,0.232,0.814,0.155,0.13,0.242,186000,1563,466,1085,9822,47684,19212,3.19,32.3,1698.19686,160106
La Palma,Orange,110,37,89903,102480,5796465,366,55000,0.057,0.007,0.456,0.008,0.034,0.168,0.27,0.232,0.33,0.679,0.421,0.916,0.419,0.16,0.074,602000,2416,503,1500,7432,83760,34615,3.17,29.2,8714.917127,15774
La Puente,Los Angeles,84,22,60717,82267,2870003,71,30884,0.011,0.006,0.106,0.002,0.026,0.818,0.032,0.835,0.408,0.568,0.799,0.613,0.104,0.227,0.172,343000,1731,383,1176,6054,57174,16897,4.44,30.9,11602.58621,40377
La Quinta,Riverside,146,56,71428,90217,7673035,192,50224,0.019,0,0.031,0,0.04,0.336,0.574,0.355,0.15,0.697,0.251,0.897,0.355,0.153,0.105,360900,1986,790,1381,16434,71338,41410,2.61,23.4,1166.173121,40956
Larkspur,Marin,104,37,78142,102434,7094189,578,90250,0.018,0.004,0.053,0.002,0.038,0.08,0.805,0.102,0.176,0.478,0.171,0.968,0.66,0.047,0.048,1117800,3895,873,1890,16584,91848,72206,2.05,29.7,4086.468647,12382
Lathrop,San Joaquin,104,61,74282,97375,7454359,366,42859,0.078,0.002,0.223,0.004,0.079,0.4,0.213,0.48,0.309,0.689,0.512,0.775,0.152,0.151,0.126,250400,1744,530,1602,9252,65699,19866,3.82,43.2,1006.520748,22073
La Verne,Los Angeles,346,152,106600,129503,22108427,689,53834,0.043,0.007,0.074,0.001,0.049,0.335,0.491,0.385,0.149,0.732,0.233,0.908,0.385,0.072,0.08,500300,2353,548,1407,11345,78385,36002,2.81,30.6,3842.111507,32389
Lawndale,Los Angeles,158,43,71721,74062,5111219,154,36350,0.089,0.004,0.095,0.012,0.084,0.578,0.137,0.671,0.369,0.334,0.632,0.733,0.168,0.228,0.156,401700,1993,459,1340,6291,51934,20809,3.37,26.1,16824.8731,33145
Lemon Grove,San Diego,79,44,90886,95537,5322324,201,39899,0.116,0.012,0.063,0.008,0.055,0.427,0.319,0.555,0.211,0.548,0.418,0.8,0.163,0.168,0.136,346400,1964,377,1188,15854,58694,23125,3.07,26.6,6922.680412,26860
Lemoore,Kings,173,100,50133,63033,8160868,324,31340,0.046,0.009,0.082,0.005,0.051,0.412,0.395,0.467,0.155,0.499,0.33,0.842,0.162,0.114,0.165,189100,1588,375,868,4200,50871,22413,2.97,21.6,3026.408451,25785
Lincoln,Placer,258,142,78798,95543,16244362,355,52442,0.016,0.005,0.065,0.004,0.035,0.19,0.685,0.211,0.131,0.772,0.19,0.93,0.344,0.089,0.085,363300,1982,607,1601,6037,76354,34442,2.66,29.2,2338.637494,47030
Lindsay,Tulare,169,43,47382,61108,4262544,326,26316,0.004,0.008,0.014,0,0.021,0.866,0.087,0.878,0.342,0.505,0.803,0.488,0.057,0.203,0.378,122300,1092,342,705,3337,30317,11192,3.68,23.7,5074.712644,13245
Live Oak,Sutter,86,16,51801,69656,2843048,334,31619,0.005,0.024,0.092,0,0.047,0.546,0.286,0.575,0.299,0.646,0.563,0.62,0.092,0.198,0.239,152000,1311,373,784,2408,41919,18095,3.49,27.7,4705.882353,8800
Livermore,Alameda,511,337,103996,142713,56415874,652,67608,0.012,0.003,0.1,0.004,0.06,0.2,0.621,0.215,0.162,0.7,0.211,0.913,0.408,0.068,0.054,595500,2675,555,1673,14506,104223,44899,2.8,31,3540.524434,89115
Livingston,Merced,134,46,58085,77032,4581131,334,27151,0.006,0.007,0.207,0,0.019,0.719,0.043,0.732,0.43,0.596,0.879,0.546,0.114,0.155,0.187,173100,1406,383,933,3973,55226,16050,4.1,20.3,3752.956989,13961
Lodi,San Joaquin,732,372,77453,109087,49297057,772,37365,0.009,0.004,0.082,0.004,0.107,0.325,0.469,0.338,0.196,0.54,0.354,0.799,0.192,0.146,0.165,252900,1653,426,1001,15396,51139,24267,2.82,23.5,4749.52241,64641
Loma Linda,San Bernardino,93,68,80991,91727,8538585,357,40417,0.11,0.003,0.255,0.001,0.038,0.256,0.337,0.369,0.315,0.329,0.432,0.897,0.471,0.121,0.201,291600,1884,539,1136,9344,51390,28952,2.64,21.9,3208.643617,24129
Lomita,Los Angeles,99,32,61591,77500,3607202,174,50332,0.036,0.004,0.147,0.002,0.085,0.312,0.414,0.352,0.216,0.45,0.333,0.88,0.295,0.168,0.131,532300,2199,485,1282,6818,61580,32360,2.56,25.6,10834.03141,20693
Lompoc,Santa Barbara,606,320,63847,85256,34134324,781,32431,0.053,0.016,0.034,0.005,0.078,0.495,0.32,0.564,0.202,0.436,0.398,0.763,0.13,0.166,0.202,250300,1645,389,990,8597,46728,20613,2.95,24.2,3768.275862,43712
Long Beach,Los Angeles,6296,3939,86025,115678,546173596,1162,41400,0.125,0.012,0.125,0.009,0.053,0.409,0.267,0.546,0.26,0.398,0.459,0.795,0.295,0.159,0.203,448800,2170,467,1150,8087,55151,27752,2.81,29.9,9348.379399,470130
Loomis,Placer,25,7,58768,89790,947111,141,55901,0.002,0.014,0.01,0,0.029,0.043,0.902,0.059,0.014,0.673,0.041,0.963,0.288,0.163,0.048,318600,1795,498,1451,12484,78099,39120,2.73,27.9,930.8115543,6767
Los Alamitos,Orange,180,48,97330,117134,7133126,611,61443,0.038,0.005,0.125,0.004,0.096,0.23,0.502,0.273,0.145,0.448,0.217,0.913,0.407,0.11,0.092,680100,2481,518,1644,14642,80926,36909,2.75,28.9,2873.08642,11636
Los Altos,Santa Clara,215,100,108506,132059,17628315,582,181794,0.002,0.001,0.273,0,0.057,0.033,0.634,0.036,0.254,0.832,0.293,0.986,0.809,0.017,0.033,NA,NA,1047,2611,NA,187656,96464,2.75,23.7,4708.936826,30561
Los Altos Hills,Santa Clara,41,19,84220,113673,2327785,277,193512,0.007,0,0.299,0.002,0.026,0.039,0.627,0.046,0.323,0.902,0.364,0.976,0.846,0.014,0.042,NA,NA,NA,1962,NA,243701,140161,2.68,24.3,966.0227273,8501
Los Angeles,Los Angeles,49485,33380,101907,114619,4332762310,1105,37672,0.088,0.007,0.114,0.002,0.035,0.476,0.279,0.571,0.378,0.366,0.598,0.759,0.325,0.204,0.215,496300,2464,632,1241,10409,51538,29878,2.83,30.5,8484.268248,3976322
Los Banos,Merced,227,133,62490,99468,15240071,411,40309,0.019,0.006,0.03,0.001,0.045,0.674,0.224,0.699,0.256,0.531,0.505,0.694,0.112,0.16,0.229,179500,1405,402,1082,7360,45751,17554,3.45,41.7,3768.068068,37643
Los Gatos,Santa Clara,233,147,86099,121582,21040499,690,126765,0.013,0.002,0.14,0.001,0.044,0.064,0.737,0.079,0.192,0.655,0.201,0.97,0.655,0.054,0.052,1338400,NA,892,1910,NA,127278,74855,2.48,28.1,2756.768953,30545
Lynwood,Los Angeles,201,120,54995,108847,15356446,215,26817,0.086,0.007,0.008,0.002,0.015,0.86,0.022,0.953,0.392,0.42,0.836,0.531,0.06,0.249,0.243,312100,1770,430,1056,4557,43848,13629,4.47,30.6,14708.05785,71187
Madera,Madera,658,229,58068,87760,24514365,386,31298,0.032,0.007,0.022,0.001,0.037,0.756,0.146,0.795,0.317,0.468,0.631,0.598,0.084,0.162,0.263,165600,1237,370,948,8880,40034,15131,3.71,23.9,4081.317289,64444
Malibu,Los Angeles,157,53,77026,105386,7778434,605,105542,0.015,0,0.036,0.001,0.048,0.074,0.826,0.089,0.17,0.706,0.149,0.972,0.614,0.083,0.105,1802800,NA,1216,2679,14887,116904,104155,2.28,34.8,650.7832239,12879
Mammoth Lakes,Mono,148,64,75863,102728,7889401,981,32393,0.007,0.005,0.017,0,0.027,0.349,0.595,0.361,0.23,0.396,0.342,0.808,0.326,0.299,0.07,334000,2132,644,1181,13590,60899,30939,2.82,12.8,321.4314435,7994
Manhattan Beach,Los Angeles,552,247,97969,126488,43565451,1224,125086,0.01,0.007,0.095,0,0.062,0.081,0.745,0.098,0.11,0.685,0.148,0.982,0.75,0.03,0.037,1537200,NA,811,2232,21605,144868,87206,2.57,29.9,9071.319797,35741
Manteca,San Joaquin,680,319,83361,120534,49025212,666,45092,0.038,0.008,0.074,0.005,0.065,0.39,0.421,0.436,0.168,0.579,0.306,0.824,0.15,0.098,0.116,274200,1811,458,1251,11595,64502,24532,3.15,34.5,4337.732657,76908
Marina,Monterey,143,71,110091,136554,10865323,521,41810,0.061,0.008,0.171,0.027,0.123,0.247,0.362,0.316,0.231,0.407,0.361,0.834,0.303,0.137,0.171,392500,2138,460,1198,10317,57135,26525,2.65,24,2442.342342,21688
Martinez,Contra Costa,270,94,93006,123801,15844515,422,68505,0.024,0.006,0.073,0.004,0.057,0.159,0.676,0.189,0.114,0.663,0.153,0.942,0.376,0.052,0.055,462300,2279,530,1550,8449,93874,43405,2.51,31,3154.080791,38259
Marysville,Yuba,113,44,60436,80220,4546098,373,33316,0.043,0.009,0.043,0.001,0.071,0.279,0.554,0.331,0.112,0.36,0.195,0.824,0.156,0.14,0.251,145200,1283,377,881,19159,41679,18806,2.57,23.2,3540.17341,12249
Maywood,Los Angeles,20,13,45760,57431,1143555,41,25340,0.004,0.001,0.001,0,0.009,0.97,0.015,0.975,0.461,0.253,0.929,0.423,0.054,0.277,0.269,325600,1689,345,980,3871,36696,12726,4.21,30,23417.79661,27633
McFarland,Kern,68,34,51352,70911,3621650,270,26615,0.011,0.002,0,0.001,0.022,0.931,0.034,0.944,0.362,0.568,0.877,0.457,0.028,0.21,0.377,136700,1045,271,849,2939,33687,9668,4.24,20.5,5447.191011,14544
Mendota,Fresno,74,28,50188,60736,2589314,227,25215,0.004,0.003,0,0,0.021,0.962,0.01,0.969,0.524,0.342,0.866,0.291,0.01,0.275,0.495,114500,1070,193,725,4241,26094,8682,4.03,30.9,3481.097561,11418
Menifee,Riverside,107,53,75019,98588,6417720,75,44782,0.056,0.005,0.054,0.003,0.05,0.357,0.476,0.418,0.155,0.736,0.25,0.857,0.174,0.118,0.115,244700,1711,411,1337,5122,57598,24183,3.03,40.3,1905.121584,88531
Menlo Park,San Mateo,526,260,88065,123420,36910532,1107,124135,0.054,0.002,0.125,0.015,0.047,0.157,0.601,0.213,0.241,0.579,0.311,0.932,0.706,0.045,0.081,1581700,NA,1004,1934,13328,126045,74162,2.73,23.9,3461.491318,33888
Merced,Merced,576,370,69959,98101,44454421,545,33141,0.055,0.007,0.114,0,0.048,0.494,0.283,0.556,0.214,0.408,0.453,0.747,0.176,0.126,0.306,170500,1330,417,855,11704,39307,18415,3.16,23.2,3541.766724,82594
Millbrae,San Mateo,150,54,77558,102218,8303592,368,65045,0.006,0.004,0.478,0.002,0.043,0.14,0.328,0.15,0.38,0.618,0.503,0.914,0.464,0.065,0.053,1037400,3430,664,1936,8334,98533,46539,2.75,28.9,6972.615385,22661
Mill Valley,Marin,440,122,82493,106602,18978264,1325,143451,0.003,0.003,0.036,0,0.05,0.078,0.83,0.084,0.124,0.688,0.137,0.984,0.787,0.024,0.035,1201600,3993,919,1968,13749,149336,99322,2.36,31.6,3014.705882,14350
Milpitas,Santa Clara,614,287,126812,187110,61691916,839,65883,0.021,0.004,0.66,0.006,0.04,0.151,0.119,0.176,0.528,0.641,0.683,0.871,0.453,0.071,0.086,635300,2770,611,1995,16464,103623,37051,3.33,26.4,5704.782929,77528
Mission Viejo,Orange,300,117,80176,108647,15811865,164,72665,0.016,0.002,0.099,0.002,0.051,0.167,0.664,0.185,0.197,0.771,0.236,0.943,0.472,0.073,0.047,608100,2573,499,1997,18119,104886,44684,2.81,27.7,5433.821871,96396
Modesto,Stanislaus,1717,906,70287,92280,117972413,565,41963,0.038,0.007,0.072,0.01,0.047,0.375,0.451,0.42,0.176,0.538,0.343,0.815,0.184,0.128,0.182,208000,1529,448,1034,11534,50996,24006,2.89,26.9,5754.6786,212175
Monrovia,Los Angeles,410,195,93080,121344,30185866,813,46106,0.07,0.003,0.134,0.002,0.05,0.365,0.376,0.438,0.248,0.467,0.396,0.894,0.369,0.141,0.088,583300,2422,549,1318,21091,67167,35161,2.77,31,2727.847171,37126
Montclair,San Bernardino,357,158,74952,102889,21018097,548,31559,0.033,0.005,0.097,0.003,0.031,0.685,0.146,0.723,0.333,0.574,0.62,0.709,0.143,0.192,0.178,281100,1631,357,1170,26739,50374,18359,3.62,31,7055.072464,38944
Montebello,Los Angeles,609,325,58957,80705,44598288,703,30683,0.013,0.011,0.128,0.001,0.024,0.741,0.083,0.765,0.367,0.449,0.699,0.716,0.19,0.225,0.145,413900,1936,426,1157,12921,47518,21217,3.18,34.8,7603.241297,63335
Monterey,Monterey,983,384,85991,122865,59656948,2095,51745,0.036,0.005,0.07,0.003,0.06,0.177,0.65,0.218,0.168,0.35,0.235,0.942,0.495,0.123,0.086,664300,2416,581,1531,16017,68511,39462,2.19,15.4,3359.386068,28454
Monterey Park,Los Angeles,558,246,92421,129046,37392014,612,36382,0.004,0.006,0.642,0.005,0.025,0.28,0.039,0.29,0.539,0.522,0.76,0.789,0.309,0.152,0.166,532700,2263,460,1244,6558,54008,26419,3.1,30.1,7962.842243,61075
Moorpark,Ventura,111,44,78017,103722,6677599,187,58908,0.011,0.004,0.074,0.006,0.032,0.3,0.574,0.315,0.177,0.734,0.27,0.884,0.397,0.089,0.059,567300,2637,631,1797,6478,100457,39247,3.29,26.8,2899.920509,36481
Moraga,Contra Costa,49,33,117849,129958,4547792,267,146989,0.028,0.001,0.171,0,0.057,0.085,0.659,0.114,0.144,0.828,0.211,0.988,0.745,0.047,0.046,971700,3395,818,1909,6902,136336,63143,2.68,32.5,1846.871686,17416
Moreno Valley,Riverside,533,241,73313,98196,32375270,160,35015,0.176,0.006,0.058,0.007,0.031,0.552,0.17,0.734,0.243,0.596,0.503,0.756,0.152,0.192,0.186,231400,1544,425,1298,8503,56456,18796,3.91,34.3,4008.172421,205499
Morgan Hill,Santa Clara,471,162,113896,147579,29684311,709,74423,0.023,0.005,0.097,0.002,0.066,0.329,0.479,0.357,0.181,0.7,0.292,0.899,0.401,0.083,0.086,678900,2975,719,1700,NA,100900,44484,2.98,33.7,3428.18323,44155
Morro Bay,San Luis Obispo,315,81,74877,99137,11100740,1055,41475,0.014,0.01,0.021,0,0.027,0.139,0.79,0.163,0.107,0.542,0.147,0.917,0.38,0.168,0.103,495900,2079,478,1337,11147,53348,33352,2.1,21.1,2009.056604,10648
Mountain View,Santa Clara,1018,478,119235,168082,99141918,1257,101527,0.018,0.004,0.278,0.005,0.048,0.2,0.447,0.222,0.389,0.408,0.454,0.927,0.657,0.083,0.087,973000,3243,766,1912,15956,109249,61668,2.39,22.5,6703.916667,80447
Murrieta,Riverside,393,239,110612,152302,41116830,378,53105,0.063,0.006,0.085,0.005,0.078,0.268,0.494,0.337,0.144,0.666,0.224,0.922,0.287,0.114,0.093,339800,2189,547,1548,10137,76149,29275,3.31,35.6,3325.610482,111674
Napa,Napa,703,341,95495,134086,67291278,845,44418,0.008,0.012,0.027,0.001,0.03,0.39,0.532,0.41,0.227,0.553,0.368,0.821,0.3,0.12,0.087,476800,2221,563,1428,14403,71087,34070,2.76,21.6,4507.623318,80416
National City,San Diego,460,278,76566,104858,36925990,611,30057,0.05,0.003,0.186,0.004,0.029,0.632,0.096,0.685,0.413,0.319,0.702,0.724,0.142,0.25,0.241,317300,1698,326,1040,23505,42178,17878,3.54,26.4,8399.313187,61147
Newark,Alameda,553,128,114206,142633,24417507,546,52697,0.047,0.005,0.288,0.008,0.072,0.327,0.253,0.379,0.344,0.699,0.533,0.886,0.303,0.084,0.069,547800,2354,460,1744,15686,91965,34318,3.29,29.6,3300.432277,45810
Newman,Stanislaus,52,37,55231,65925,3163703,292,34359,0.022,0.001,0.019,0.001,0.02,0.681,0.256,0.704,0.264,0.607,0.574,0.757,0.094,0.242,0.186,159600,1255,382,1021,3807,51455,18451,3.36,33.4,5296.666667,11123
Newport Beach,Orange,1208,690,111659,151512,126269546,1454,93887,0.006,0.002,0.076,0.002,0.034,0.083,0.796,0.091,0.148,0.559,0.17,0.977,0.657,0.072,0.066,1584900,NA,1091,2058,33139,115845,84134,2.29,24.6,3640.823184,86688
Norco,Riverside,173,42,61794,92392,5562051,207,53972,0.041,0.004,0.035,0.003,0.053,0.307,0.558,0.352,0.132,0.792,0.26,0.827,0.175,0.105,0.079,445700,2403,574,1811,12317,87067,30612,3.32,38.8,1913.610315,26714
Norwalk,Los Angeles,577,262,61549,86288,28560642,268,36103,0.042,0.007,0.13,0.003,0.028,0.68,0.11,0.729,0.345,0.63,0.668,0.734,0.16,0.187,0.148,350600,1848,378,1384,10364,61050,20046,3.82,30,10934.91246,106178
Novato,Marin,435,155,92291,115901,23786453,434,62470,0.022,0.002,0.066,0.001,0.054,0.188,0.667,0.212,0.195,0.666,0.248,0.937,0.459,0.075,0.074,625900,2765,631,1764,15652,83895,49236,2.49,31.8,2040.962099,56004
Oakdale,Stanislaus,140,60,67569,104489,8004469,367,42135,0.014,0.002,0.018,0,0.037,0.288,0.642,0.304,0.086,0.58,0.211,0.877,0.164,0.082,0.161,251100,1708,460,937,12993,51654,24483,2.83,27.9,3729.586777,22564
Oakland,Alameda,5483,2928,97848,147578,550158923,1335,47874,0.241,0.008,0.156,0.006,0.064,0.26,0.266,0.509,0.273,0.396,0.403,0.805,0.397,0.138,0.2,500500,2394,588,1189,7559,57778,34984,2.55,31,7528.320488,420005
Oakley,Contra Costa,121,48,97762,115140,7824875,200,55625,0.079,0.014,0.074,0.004,0.071,0.345,0.412,0.438,0.186,0.742,0.32,0.854,0.169,0.107,0.086,324000,2041,579,1498,3348,82584,28288,3.39,40.7,2562.902208,40622
Oceanside,San Diego,1197,1019,67542,94137,108939307,626,41836,0.048,0.006,0.069,0.009,0.054,0.344,0.47,0.398,0.195,0.564,0.308,0.861,0.285,0.14,0.137,384100,2115,506,1454,9795,58949,28452,2.81,28,4255.736114,175464
Ojai,Ventura,124,22,63015,81420,3096415,408,59297,0.005,0.006,0.018,0,0.034,0.161,0.776,0.172,0.128,0.536,0.148,0.901,0.469,0.184,0.109,626800,2440,579,1339,15887,64618,38215,2.54,24.7,1727.790433,7585
Ontario,San Bernardino,1461,974,87575,118372,149863497,884,33384,0.059,0.007,0.054,0.004,0.042,0.681,0.153,0.747,0.29,0.53,0.59,0.712,0.149,0.181,0.17,293000,1702,395,1296,28906,54896,19761,3.51,30.6,3468.402082,173212
Orange,Orange,881,535,104940,139871,90569128,647,47038,0.015,0.005,0.11,0.003,0.03,0.386,0.452,0.406,0.24,0.571,0.406,0.84,0.34,0.147,0.128,565800,2479,483,1581,15442,79192,31958,3.13,25.4,5665.483871,140504
Orange Cove,Fresno,47,20,60193,75684,2465006,257,29063,0.01,0.01,0.002,0.004,0.006,0.932,0.037,0.952,0.366,0.417,0.816,0.459,0.044,0.203,0.516,118800,1058,377,759,1456,27782,9146,4.37,25.9,5018.848168,9586
Orinda,Contra Costa,73,40,65014,93687,4319958,228,164023,0.012,0.005,0.129,0.001,0.053,0.057,0.743,0.074,0.164,0.873,0.169,0.986,0.804,0.029,0.026,1125000,NA,915,2337,3912,178704,94377,2.74,32.5,1535.488959,19470
Orland,Glenn,81,30,57789,87851,3110314,414,30931,0.002,0.005,0.032,0.002,0.005,0.5,0.454,0.507,0.211,0.527,0.501,0.725,0.121,0.118,0.26,196200,1285,365,752,13534,39559,16571,2.94,26.1,2554.545455,7587
Oroville,Butte,138,96,63531,80218,9457128,500,36000,0.041,0.012,0.095,0.004,0.114,0.124,0.611,0.177,0.075,0.473,0.161,0.834,0.097,0.107,0.256,152900,1169,323,773,25441,35457,17750,2.75,19.6,1465.204003,19033
Oxnard,Ventura,1709,712,84276,112493,126784148,619,31397,0.026,0.013,0.074,0.002,0.03,0.719,0.136,0.758,0.367,0.535,0.686,0.661,0.163,0.223,0.163,362900,2071,461,1396,11724,61709,21102,4,24.8,7731.72183,207906
Pacifica,San Mateo,343,133,108588,137454,22025974,567,66615,0.02,0.004,0.184,0.013,0.085,0.177,0.517,0.201,0.199,0.681,0.26,0.944,0.43,0.059,0.055,680500,2784,494,1937,5088,103545,46043,2.78,30.2,3085.466035,39062
Pacific Grove,Monterey,129,62,84613,96791,8119232,522,63260,0.015,0.004,0.054,0,0.039,0.116,0.773,0.135,0.119,0.478,0.17,0.955,0.533,0.104,0.067,700500,2817,483,1478,8891,81304,49287,2.24,19.1,5443.902439,15624
Palmdale,Los Angeles,634,155,73249,116569,24992604,159,39995,0.123,0.007,0.042,0.002,0.05,0.565,0.211,0.695,0.261,0.634,0.411,0.74,0.15,0.152,0.206,207400,1598,494,1174,10003,52801,19908,3.6,41.8,1485.050963,157356
Palm Desert,Riverside,126,103,95082,144352,17105377,335,42388,0.017,0.003,0.043,0.001,0.038,0.258,0.64,0.278,0.208,0.601,0.264,0.917,0.348,0.139,0.124,316300,1893,744,1156,46169,53701,38495,2.14,19.7,1948.190974,52231
Palm Springs,Riverside,463,365,93264,115678,53270824,1140,42129,0.045,0.007,0.047,0.004,0.031,0.255,0.61,0.307,0.199,0.587,0.284,0.884,0.353,0.188,0.194,303100,1799,661,973,15970,46059,37343,1.96,21,506.6829579,47689
Palo Alto,Santa Clara,1546,873,108409,157377,163869140,2458,133424,0.01,0.002,0.309,0.001,0.046,0.071,0.561,0.083,0.345,0.553,0.405,0.974,0.8,0.039,0.059,1702100,NA,832,2283,37083,137043,78721,2.51,23.6,2806.700168,67024
Palos Verdes Estates,Los Angeles,80,57,91132,118063,7568704,557,154849,0.014,0.002,0.204,0.001,0.052,0.067,0.661,0.083,0.19,0.872,0.259,0.984,0.725,0.049,0.055,1609500,NA,847,2809,1903,200766,87550,2.82,35.2,2848.218029,13586
Paradise,Butte,96,41,71106,85058,5189318,196,43025,0.001,0.015,0.012,0,0.044,0.069,0.859,0.085,0.027,0.705,0.05,0.907,0.238,0.118,0.141,200900,1291,397,976,7278,47533,26914,2.39,23.4,1450.081922,26551
Paramount,Los Angeles,476,88,58191,80872,11130975,202,30797,0.093,0.007,0.025,0.007,0.026,0.795,0.047,0.895,0.381,0.388,0.775,0.589,0.091,0.214,0.221,283400,1628,391,1204,5978,46364,15464,3.9,28.4,11608.66808,54909
Parlier,Fresno,65,27,55126,67270,2328465,155,25972,0,0.003,0.006,0,0.013,0.96,0.019,0.963,0.402,0.438,0.83,0.438,0.03,0.235,0.439,123300,1120,345,740,2197,30556,10305,4.03,24.4,6931.050228,15179
Pasadena,Los Angeles,2567,1485,90275,127580,237950175,1696,56303,0.105,0.003,0.158,0.002,0.039,0.329,0.364,0.437,0.298,0.429,0.442,0.876,0.509,0.137,0.158,649800,2602,693,1421,19495,73029,43097,2.48,27.6,6184.545059,142059
Patterson,Stanislaus,241,79,58168,92422,10000066,471,46377,0.079,0.007,0.041,0.017,0.052,0.585,0.219,0.671,0.224,0.6,0.495,0.744,0.094,0.132,0.201,216500,1693,441,1304,5599,54195,19527,3.7,38.3,3659.831933,21776
Perris,Riverside,106,65,69242,87071,8333452,113,31650,0.108,0.007,0.038,0,0.025,0.713,0.108,0.828,0.295,0.6,0.611,0.654,0.089,0.205,0.236,211400,1535,432,1280,8543,51315,14765,4.47,37,2431.697993,76331
Petaluma,Sonoma,113,57,81523,111388,6873058,115,56912,0.01,0.003,0.045,0.002,0.042,0.212,0.687,0.225,0.176,0.654,0.246,0.891,0.374,0.087,0.086,498200,2312,571,1548,14856,80907,38240,2.67,29.9,4209.318498,60530
Pico Rivera,Los Angeles,359,120,65703,84848,14041011,220,35207,0.011,0.009,0.027,0.001,0.021,0.878,0.053,0.898,0.322,0.669,0.712,0.687,0.118,0.21,0.124,351300,1803,346,1229,23303,57203,19973,3.77,30.6,7666.86747,63635
Piedmont,Alameda,415,84,121503,171487,16266749,1452,145714,0.013,0.002,0.176,0.001,0.076,0.055,0.676,0.07,0.134,0.886,0.146,0.99,0.844,0.019,0.05,1572700,NA,1490,2636,1332,202083,98039,2.85,28,6757.738095,11353
Pinole,Contra Costa,156,88,95940,127065,12666924,665,53052,0.08,0.01,0.213,0.001,0.112,0.249,0.335,0.339,0.25,0.696,0.355,0.892,0.308,0.08,0.075,387500,2102,492,1558,17615,74124,34133,2.78,35.8,3626.503759,19293
Pismo Beach,San Luis Obispo,183,72,79340,96787,9329098,1168,58790,0.02,0.002,0.016,0,0.03,0.069,0.863,0.091,0.056,0.579,0.101,0.959,0.422,0.095,0.073,633300,2683,573,1431,20889,75978,47330,1.97,21.9,2277.222222,8198
Pittsburg,Contra Costa,443,238,90348,128396,36153000,531,46489,0.167,0.004,0.167,0.014,0.078,0.389,0.181,0.56,0.322,0.554,0.502,0.79,0.198,0.13,0.154,280900,1874,463,1439,7986,63950,24767,3.27,41.2,4104.471545,70679
Placentia,Orange,248,95,90074,112891,15393028,295,49645,0.011,0.001,0.167,0.001,0.039,0.363,0.418,0.375,0.253,0.655,0.389,0.854,0.367,0.117,0.102,554500,2563,584,1590,6891,80668,32895,3.14,29,7949.467275,52228
Placerville,El Dorado,112,71,66768,87949,7582200,719,36546,0.006,0.014,0.007,0,0.022,0.16,0.792,0.18,0.087,0.533,0.148,0.889,0.238,0.118,0.212,270900,1717,529,1009,29441,42793,25149,2.46,24.9,1838.3821,10681
Pleasant Hill,Contra Costa,123,98,97677,133936,15415329,448,73267,0.017,0.003,0.128,0.006,0.056,0.14,0.65,0.16,0.172,0.599,0.217,0.973,0.529,0.06,0.081,584700,2480,570,1719,17956,93476,47088,2.47,32.8,4929.70297,34853
Pleasanton,Alameda,1012,411,119380,171648,83187252,1079,104337,0.021,0.001,0.293,0.005,0.046,0.096,0.539,0.118,0.269,0.694,0.323,0.956,0.612,0.039,0.041,828900,3182,703,1949,22979,130170,55764,2.82,33.1,3412.277063,82270
Pomona,Los Angeles,790,452,81090,103820,63102108,415,31606,0.064,0.014,0.089,0.003,0.039,0.677,0.114,0.755,0.337,0.522,0.649,0.682,0.173,0.211,0.215,310100,1746,446,1183,5608,50360,17936,3.77,29.9,6644.618736,152494
Porterville,Tulare,686,255,54095,78873,26455694,452,31369,0.008,0.009,0.045,0.003,0.031,0.642,0.262,0.659,0.218,0.534,0.552,0.668,0.103,0.163,0.317,157900,1253,349,823,9335,39763,16319,3.4,22.4,3349.119818,58978
Port Hueneme,Ventura,165,79,76119,102755,10881763,491,34725,0.049,0.008,0.048,0.009,0.095,0.537,0.256,0.594,0.217,0.469,0.506,0.8,0.182,0.167,0.144,318200,1961,509,1508,4111,59592,23869,3.16,23.5,5006.067416,22277
Poway,San Diego,388,171,74620,113599,25793652,519,67183,0.016,0.012,0.115,0.001,0.054,0.176,0.626,0.204,0.182,0.736,0.241,0.93,0.458,0.055,0.059,583100,2663,649,1497,19766,98859,41399,3.1,25.8,1281.397134,50077
Rancho Cordova,Sacramento,112,62,76066,98197,7723356,111,38705,0.093,0.006,0.111,0.014,0.079,0.205,0.492,0.304,0.243,0.548,0.343,0.888,0.259,0.129,0.169,223300,1629,438,982,13867,53360,25032,2.82,25.1,2158.340794,72326
Rancho Cucamonga,San Bernardino,1057,430,71283,95847,58610663,338,52762,0.092,0.007,0.12,0.003,0.052,0.359,0.367,0.458,0.209,0.613,0.335,0.911,0.332,0.1,0.088,414200,2250,572,1561,11862,79973,32237,3.04,32.3,4429.962359,176534
Rancho Mirage,Riverside,126,75,81193,104389,9845129,550,86400,0.013,0.003,0.035,0.003,0.015,0.087,0.844,0.103,0.142,0.791,0.137,0.961,0.446,0.099,0.101,471300,2436,1003,1245,20125,66083,62760,1.87,22.5,744.1308793,18194
Rancho Palos Verdes,Los Angeles,149,53,74854,104030,7578822,178,100888,0.022,0,0.274,0.009,0.058,0.099,0.538,0.121,0.272,0.798,0.362,0.97,0.652,0.047,0.04,1003300,3370,686,2348,3028,120668,57464,2.66,32.7,3150.334076,42435
Rancho Santa Margarita,Orange,41,22,82394,99188,3092393,63,70136,0.02,0.002,0.11,0.001,0.04,0.188,0.64,0.21,0.168,0.713,0.227,0.956,0.491,0.061,0.045,584000,2750,686,1741,11060,104556,44868,2.87,29.6,3778.472222,48969
Red Bluff,Tehama,206,77,56821,76015,7624717,542,28546,0.006,0.034,0.027,0,0.032,0.162,0.739,0.202,0.062,0.419,0.114,0.863,0.122,0.15,0.246,139800,1044,294,770,18306,30311,16613,2.52,19.9,1872.751323,14158
Redding,Shasta,1143,745,73240,115410,99248416,1086,37556,0.014,0.021,0.047,0,0.046,0.093,0.778,0.128,0.058,0.52,0.098,0.911,0.238,0.135,0.181,232000,1540,483,987,21758,44573,25609,2.49,16.6,1539.111484,91808
Redlands,San Bernardino,651,371,77996,103655,54910656,779,48299,0.056,0.007,0.075,0.005,0.052,0.296,0.51,0.359,0.14,0.579,0.249,0.901,0.378,0.103,0.141,326800,2011,506,1177,31768,66514,31721,2.82,23,1973.097149,71288
Redondo Beach,Los Angeles,850,360,100618,128949,62137997,918,83649,0.03,0.004,0.124,0.001,0.062,0.168,0.611,0.202,0.193,0.496,0.235,0.962,0.571,0.065,0.05,775300,3119,624,1800,12848,103782,54789,2.42,28.4,10946.29032,67867
Redwood City,San Mateo,970,503,120086,162786,99663639,1206,67208,0.023,0.005,0.128,0.007,0.042,0.377,0.419,0.405,0.327,0.507,0.465,0.852,0.443,0.108,0.091,924300,3262,662,1807,20968,90461,46318,2.75,24.8,4374.356334,84950
Reedley,Fresno,293,89,53301,76464,11084806,438,26573,0.006,0.003,0.035,0,0.033,0.738,0.184,0.747,0.316,0.602,0.645,0.622,0.147,0.218,0.266,170300,1302,391,900,5902,43907,17002,3.49,22.7,5035.826772,25582
Rialto,San Bernardino,500,266,102192,142140,48598675,474,32487,0.12,0.006,0.023,0.001,0.037,0.715,0.098,0.841,0.282,0.631,0.6,0.682,0.105,0.187,0.188,236100,1553,445,1110,5326,52347,17092,3.98,31.3,4622.550336,103314
Richmond,Contra Costa,950,655,111313,153999,121647554,1123,40434,0.218,0.003,0.149,0.005,0.059,0.394,0.172,0.615,0.342,0.496,0.519,0.775,0.263,0.167,0.166,330200,1931,481,1242,10257,57107,26965,2.89,34,3651.912205,109813
Ridgecrest,Kern,172,87,65454,75915,8316670,290,44081,0.055,0.012,0.048,0.005,0.053,0.188,0.639,0.255,0.106,0.61,0.194,0.894,0.279,0.091,0.16,166500,1286,385,859,9616,59780,28095,2.57,14.3,1381.84882,28701
Rio Vista,Solano,68,37,77896,102484,4746172,589,54122,0.066,0.003,0.091,0,0.016,0.078,0.746,0.147,0.112,0.77,0.14,0.919,0.244,0.165,0.106,269200,1603,442,1349,8511,59050,35709,2.03,38.6,1291.629297,8641
Ripon,San Joaquin,163,76,61108,85797,7973352,532,58145,0.006,0.007,0.024,0,0.057,0.239,0.668,0.252,0.093,0.69,0.163,0.908,0.26,0.073,0.103,352500,2108,503,1251,13889,79354,33686,2.94,28.5,2912.052731,15463
Riverbank,Stanislaus,98,45,54469,73685,3817543,160,39786,0.009,0.008,0.041,0.007,0.05,0.547,0.339,0.564,0.25,0.664,0.509,0.748,0.141,0.114,0.11,219700,1499,421,1044,9988,61870,22257,3.36,28.7,5963.080685,24389
Riverside,Riverside,2688,1942,88653,121914,280898812,881,36947,0.058,0.008,0.067,0.003,0.049,0.505,0.31,0.571,0.224,0.545,0.416,0.79,0.226,0.163,0.178,286600,1770,440,1194,13158,58979,23061,3.34,29.9,4001.996549,324722
Rocklin,Placer,418,198,93692,122415,30306224,500,67208,0.019,0.006,0.086,0.001,0.061,0.126,0.701,0.151,0.11,0.657,0.157,0.96,0.41,0.075,0.085,381000,2254,628,1391,10436,84121,37295,2.8,25.9,3213.254862,62787
Rohnert Park,Sonoma,355,141,81425,99921,19753275,471,46390,0.02,0.005,0.058,0.002,0.061,0.229,0.624,0.254,0.148,0.523,0.235,0.889,0.257,0.12,0.155,341000,1890,588,1407,15463,60333,27821,2.64,26,6088.857143,42622
Rolling Hills,Los Angeles,7,4,99912,119295,620856,352,155417,0.022,0.003,0.301,0,0.055,0.098,0.521,0.123,0.256,0.925,0.33,0.98,0.662,0.064,0.045,1096400,3994,881,2945,18174,129728,65277,2.73,31.1,2305.602241,8231
Rolling Hills Estates,Los Angeles,36,17,85950,106895,2304823,280,115500,0.022,0.003,0.301,0,0.055,0.098,0.521,0.123,0.256,0.925,0.33,0.98,0.662,0.064,0.045,1096400,3994,881,2945,18174,129728,65277,2.73,31.1,2305.602241,8231
Rosemead,Los Angeles,199,49,67110,98921,6548952,120,30980,0.002,0.006,0.592,0.002,0.015,0.342,0.042,0.35,0.556,0.47,0.836,0.656,0.163,0.186,0.206,455100,2064,422,1206,8474,45510,17839,3.67,28.7,10562.0155,54500
Roseville,Placer,2127,1048,93797,132984,162885724,1269,59940,0.018,0.004,0.094,0.002,0.054,0.146,0.682,0.168,0.13,0.645,0.177,0.944,0.377,0.08,0.086,355900,2071,556,1359,33405,78446,36345,2.7,25.8,3662.921038,132671
Sacramento,Sacramento,5868,3062,79814,106135,403426969,832,39254,0.134,0.007,0.179,0.015,0.064,0.274,0.327,0.415,0.224,0.468,0.375,0.837,0.307,0.126,0.214,259400,1657,445,1057,9176,52071,27146,2.65,24.9,5057.536765,495234
Salinas,Monterey,822,456,101904,138131,79132253,507,30977,0.015,0.008,0.064,0.001,0.026,0.748,0.138,0.771,0.379,0.432,0.701,0.595,0.122,0.196,0.189,303800,1842,424,1177,12482,52338,18347,3.8,23.3,6782.484901,157218
San Anselmo,Marin,102,33,70892,93062,3520903,278,96658,0.008,0.011,0.022,0,0.036,0.057,0.866,0.076,0.073,0.733,0.103,0.972,0.688,0.053,0.042,914400,3402,756,1638,9706,107818,62456,2.38,35.5,4701.119403,12599
San Bernardino,San Bernardino,1436,732,67283,91654,110698239,515,30312,0.136,0.008,0.048,0.003,0.047,0.607,0.151,0.751,0.233,0.467,0.505,0.679,0.112,0.2,0.323,176800,1389,394,947,12239,38456,14922,3.56,27.3,3652.685811,216239
San Bruno,San Mateo,438,218,99913,145478,38097736,891,56144,0.016,0.001,0.278,0.03,0.058,0.273,0.344,0.29,0.346,0.561,0.498,0.893,0.37,0.096,0.058,668700,2670,472,1834,12538,89000,39000,2.85,27.5,7838.868613,42957
San Carlos,San Mateo,145,59,93864,121382,9344500,315,114272,0.01,0,0.134,0.003,0.047,0.1,0.706,0.11,0.187,0.706,0.22,0.974,0.636,0.044,0.037,1107600,3709,743,1849,16845,135220,69738,2.59,27.8,5378.519856,29797
San Clemente,Orange,513,148,78910,101710,20920559,321,79241,0.006,0.002,0.033,0.007,0.051,0.183,0.718,0.191,0.118,0.645,0.176,0.95,0.478,0.098,0.071,801100,3219,717,1696,10330,97210,51566,2.64,29.2,3490.593266,65309
San Diego,San Diego,12443,8014,75639,85012,906551397,659,50836,0.063,0.005,0.164,0.004,0.048,0.295,0.421,0.363,0.265,0.465,0.408,0.875,0.436,0.137,0.15,488600,2330,526,1427,13352,68117,35199,2.73,23.5,4325.563517,1406630
San Dimas,Los Angeles,176,66,69432,85260,7538450,221,57267,0.029,0.008,0.136,0.001,0.063,0.313,0.451,0.35,0.193,0.722,0.285,0.925,0.365,0.077,0.076,481000,2339,589,1599,15958,79081,35764,2.81,31.6,2283.111702,34338
San Fernando,Los Angeles,198,96,77373,104005,12369728,507,35728,0.025,0.006,0.01,0.009,0.024,0.882,0.044,0.913,0.353,0.553,0.798,0.614,0.118,0.174,0.186,343500,1824,430,1189,5139,55734,18383,4,28.3,10429.11392,24717
San Francisco,San Francisco,40970,32385,89559,118801,4284701637,3927,76374,0.053,0.003,0.334,0.004,0.048,0.151,0.406,0.207,0.349,0.368,0.44,0.874,0.548,0.079,0.125,858800,3217,585,1632,17718,87701,55567,2.33,32.4,18580.90463,870887
San Gabriel,Los Angeles,350,149,106925,155571,25864245,643,35931,0.006,0.002,0.603,0.004,0.02,0.251,0.115,0.259,0.555,0.472,0.733,0.783,0.309,0.184,0.133,605600,2364,549,1305,11792,54015,24281,3.2,28,9735.903614,40404
Sanger,Fresno,202,82,72503,95187,9771969,394,31495,0.003,0.004,0.022,0,0.021,0.822,0.129,0.829,0.227,0.577,0.628,0.638,0.131,0.138,0.283,168000,1243,397,859,6601,42771,16496,3.66,24.4,4530.253623,25007
San Jacinto,Riverside,62,38,56990,88254,3977271,85,34260,0.076,0.018,0.038,0.002,0.048,0.505,0.312,0.599,0.215,0.663,0.431,0.75,0.146,0.178,0.184,159700,1450,423,1005,4722,48382,18301,3.56,37.5,1843.429238,47413
San Joaquin,Fresno,15,36223,50829,976030,NA,NA,NA,0.076,0.018,0.038,0.002,0.048,0.505,0.312,0.599,0.215,0.663,0.431,0.75,0.146,0.178,0.184,159700,1450,423,1005,4722,48382,18301,3.56,37.5,1843.429238,47413
San Jose,Santa Clara,7897,5231,93590,156131,925498297,916,61239,0.03,0.005,0.332,0.004,0.049,0.318,0.262,0.353,0.389,0.571,0.565,0.829,0.402,0.102,0.109,658000,2776,619,1689,15245,90303,37845,3.13,28.5,5808.361185,1025350
San Juan Bautista,San Benito,20,6,51866,61410,498187,214,51484,0.03,0.005,0.332,0.004,0.049,0.318,0.262,0.353,0.389,0.571,0.565,0.829,0.402,0.102,0.109,658000,2776,619,1689,15245,90303,37845,3.13,28.5,5808.361185,1025350
San Juan Capistrano,Orange,127,62,84922,128978,11245712,312,51480,0.005,0.012,0.028,0.001,0.018,0.367,0.569,0.384,0.232,0.746,0.359,0.838,0.369,0.178,0.142,590500,2821,603,1749,20204,79393,40384,3.01,23.8,2569.121813,36276
San Leandro,Alameda,740,307,96024,132739,50998675,572,42372,0.113,0.011,0.313,0.011,0.059,0.264,0.23,0.388,0.361,0.54,0.511,0.827,0.288,0.114,0.103,426900,2134,454,1319,49980,64065,30865,2.78,31.4,6781.484258,90465
San Luis Obispo,San Luis Obispo,808,357,85492,120777,51574952,1104,42376,0.024,0.003,0.052,0,0.034,0.165,0.722,0.192,0.094,0.365,0.174,0.926,0.494,0.092,0.327,567600,2268,447,1323,30313,47777,27823,2.45,15.1,3719.561815,47536
San Marcos,San Diego,538,198,83113,121608,31749332,347,46668,0.032,0.006,0.084,0.008,0.058,0.345,0.468,0.383,0.223,0.601,0.353,0.839,0.323,0.142,0.148,418200,2470,617,1388,13773,63960,27753,3.11,26,3908.945425,95261
San Marino,Los Angeles,266,80,93908,120946,12801668,960,104146,0.013,0,0.546,0.002,0.026,0.088,0.325,0.101,0.401,0.867,0.565,0.953,0.717,0.04,0.077,1518400,NA,1306,NA,2011,139792,72544,2.84,29.8,3545.092838,13365
San Mateo,San Mateo,1075,447,110955,149121,88907413,869,68207,0.021,0.003,0.207,0.016,0.055,0.264,0.435,0.288,0.336,0.539,0.449,0.883,0.481,0.085,0.079,850200,3079,660,1871,18239,95667,49227,2.66,27,8570.403957,103959
San Pablo,Contra Costa,238,133,89396,114507,18321921,610,31307,0.129,0.005,0.166,0.004,0.047,0.563,0.086,0.697,0.452,0.378,0.711,0.64,0.122,0.208,0.21,221400,1524,445,1127,7669,45503,17415,3.25,33.4,11610.64639,30536
San Rafael,Marin,717,319,105167,166818,64421585,1092,56542,0.027,0.005,0.068,0.002,0.045,0.287,0.566,0.319,0.272,0.529,0.355,0.856,0.483,0.121,0.137,758600,3011,636,1628,30033,81360,49929,2.48,28.4,3579.477838,58954
San Ramon,Contra Costa,593,234,102881,145710,39291069,528,103552,0.023,0.003,0.419,0.003,0.057,0.078,0.417,0.104,0.342,0.691,0.43,0.975,0.668,0.032,0.039,810700,3479,790,1987,9083,134188,53732,2.97,35.2,4188.20598,75639
Santa Ana,Orange,1770,902,94769,147075,163021956,488,27392,0.01,0.006,0.108,0.002,0.017,0.767,0.091,0.783,0.461,0.442,0.821,0.555,0.124,0.258,0.212,383900,1907,414,1354,9578,54062,17040,4.38,24.8,12255.84892,334217
Santa Barbara,Santa Barbara,2146,852,86208,117552,129777926,1427,41599,0.015,0.007,0.037,0.001,0.035,0.373,0.532,0.395,0.241,0.391,0.365,0.851,0.459,0.177,0.139,888000,2851,671,1575,17156,66916,38345,2.52,16.8,4721.62301,91930
Santa Clara,Santa Clara,1878,807,127039,177556,179993238,1466,83521,0.036,0.004,0.396,0.008,0.048,0.172,0.336,0.212,0.419,0.432,0.524,0.915,0.567,0.072,0.082,734500,2796,479,1917,17823,102533,44843,2.7,23.3,6841.281912,125948
Santa Clarita,Los Angeles,1098,327,78551,100798,43873294,243,57475,0.03,0.006,0.096,0.001,0.056,0.316,0.496,0.352,0.208,0.681,0.307,0.894,0.335,0.115,0.092,417400,2338,633,1653,15539,85042,35317,2.99,33.1,3451.669196,181972
Santa Cruz,Santa Cruz,1409,784,68016,99440,97007498,1532,48942,0.013,0.006,0.09,0.001,0.057,0.2,0.634,0.219,0.136,0.438,0.252,0.936,0.511,0.105,0.241,707600,2651,576,1576,12464,62471,31639,2.44,22.3,5060.047096,64465
Santa Fe Springs,Los Angeles,407,174,87085,133250,29359034,1683,40244,0.036,0.018,0.068,0,0.033,0.763,0.083,0.817,0.256,0.611,0.558,0.789,0.15,0.15,0.122,371400,1899,337,1289,35971,58147,22922,3.36,28.9,2032.356257,18027
Santa Maria,Santa Barbara,803,411,79008,103990,57987286,559,27327,0.015,0.006,0.052,0.001,0.026,0.711,0.189,0.732,0.348,0.499,0.645,0.591,0.131,0.245,0.206,276800,1690,444,1205,15388,51939,18069,3.73,20.5,4670.035149,106290
Santa Monica,Los Angeles,3088,1782,87228,125611,303330749,3288,77427,0.041,0.005,0.099,0.001,0.048,0.159,0.647,0.205,0.232,0.275,0.292,0.95,0.67,0.09,0.113,1086300,3573,872,1626,54259,82123,62874,1.95,25.5,10983.13539,92478
Santa Paula,Ventura,190,107,87524,102350,12479153,412,31465,0.003,0.006,0.02,0.001,0.034,0.767,0.169,0.776,0.306,0.559,0.615,0.645,0.144,0.182,0.179,321800,1909,399,1142,6449,51549,21236,3.34,27.4,6608.932462,30335
Santa Rosa,Sonoma,1942,1196,85026,120754,164775943,951,42758,0.021,0.016,0.051,0.006,0.061,0.303,0.542,0.34,0.19,0.523,0.313,0.856,0.31,0.126,0.122,414800,2010,536,1371,16507,62705,31574,2.64,22.3,4242.068297,175155
Santee,San Diego,193,108,110341,140985,15967569,280,50951,0.02,0.004,0.046,0.004,0.069,0.177,0.681,0.201,0.096,0.7,0.152,0.932,0.277,0.078,0.07,363000,2154,529,1467,13552,77460,31611,2.83,27.2,3563.401109,57834
Saratoga,Santa Clara,99,56,87327,113033,7642239,247,151496,0.007,0.004,0.458,0,0.031,0.037,0.463,0.048,0.374,0.845,0.444,0.976,0.77,0.025,0.045,1742900,NA,1014,2410,NA,169579,79870,2.85,28.9,2485.218094,30767
Sausalito,Marin,151,66,78526,102966,8390251,1179,109090,0.024,0.006,0.031,0.003,0.007,0.072,0.857,0.102,0.137,0.492,0.139,0.987,0.723,0.067,0.056,1163500,3782,1291,1998,16191,116325,103261,1.75,32.2,4025.423729,7125
Scotts Valley,Santa Cruz,162,51,80003,117075,7540026,637,75526,0.006,0,0.079,0,0.038,0.109,0.768,0.115,0.123,0.727,0.143,0.963,0.528,0.041,0.045,654600,2996,745,2103,14101,104150,47946,2.76,28.7,2593.043478,11928
Seal Beach,Orange,248,87,103469,134144,14249527,581,74477,0.012,0.002,0.086,0.001,0.043,0.128,0.729,0.142,0.144,0.747,0.158,0.946,0.469,0.065,0.08,308400,2976,383,1678,13731,60222,48958,1.96,30.4,2164.747564,24440
Seaside,Monterey,280,113,110765,147475,18649839,546,30602,0.077,0.008,0.089,0.027,0.075,0.43,0.294,0.515,0.295,0.385,0.476,0.761,0.216,0.227,0.16,366400,1985,373,1482,15536,53406,21590,3.24,20,3713.419913,34312
Sebastopol,Sonoma,102,41,100576,128133,5936481,778,50799,0.011,0.004,0.012,0.006,0.04,0.122,0.805,0.137,0.112,0.498,0.125,0.946,0.447,0.084,0.107,543100,2160,553,1314,22118,58036,36365,2.18,25,4150.27027,7678
Selma,Fresno,115,77,68982,90014,7960677,328,29774,0.004,0.008,0.05,0.007,0.041,0.774,0.116,0.786,0.244,0.588,0.585,0.611,0.088,0.219,0.231,164500,1370,414,853,15090,41086,15686,3.61,24.2,4785.40856,24597
Shafter,Kern,269,158,54037,72428,15316013,860,31727,0.018,0.002,0.003,0,0.017,0.821,0.14,0.841,0.281,0.525,0.713,0.574,0.065,0.171,0.235,153600,1262,395,758,4251,41085,14869,3.82,24.8,677.8175313,18945
Shasta Lake,Shasta,63,46,72518,95520,5181935,510,36812,0.012,0.035,0.01,0.002,0.089,0.119,0.733,0.166,0.035,0.59,0.063,0.876,0.135,0.145,0.197,157300,1333,430,984,3639,46150,20786,2.73,20.6,930.5860806,10162
Sierra Madre,Los Angeles,183,59,62848,73666,6622274,598,81414,0.013,0.002,0.107,0.003,0.038,0.151,0.686,0.166,0.128,0.609,0.172,0.992,0.651,0.043,0.058,861200,3349,596,1469,3358,95256,52012,2.51,28.6,3748.135593,11057
Signal Hill,Los Angeles,190,90,84284,101055,12021441,1054,52515,0.11,0.003,0.203,0.006,0.055,0.368,0.255,0.481,0.305,0.449,0.487,0.848,0.388,0.191,0.156,446000,2455,578,1217,116708,70286,32382,2.78,30.9,5319.178082,11649
Simi Valley,Ventura,633,350,101813,126076,58648954,465,60590,0.013,0.005,0.09,0.001,0.047,0.246,0.598,0.264,0.186,0.724,0.261,0.91,0.325,0.094,0.06,472700,2441,540,1765,13293,91196,38927,2.97,29.5,3045.491803,126327
Solana Beach,San Diego,172,47,91823,111611,6888798,517,80750,0.005,0.002,0.031,0.001,0.056,0.13,0.776,0.137,0.156,0.578,0.172,0.944,0.65,0.119,0.065,1045900,3165,727,1892,15261,100352,62380,2.32,23.5,3820.738636,13449
Soledad,Monterey,72,48,72917,89522,5165656,201,32596,0.092,0.018,0.021,0.004,0.06,0.672,0.133,0.782,0.299,0.603,0.604,0.553,0.071,0.191,0.154,251800,1594,397,1168,2986,54878,12112,4.19,24.1,5809.977324,25622
Solvang,Santa Barbara,61,16,69542,84979,3070274,553,42059,0,0,0.018,0,0.022,0.267,0.693,0.267,0.177,0.58,0.235,0.937,0.402,0.12,0.11,658600,2606,957,1484,13031,69261,40128,2.25,22.8,2387.654321,5802
Sonoma,Sonoma,48,33,73717,96707,3864142,352,62813,0.001,0.001,0.026,0,0.023,0.142,0.807,0.144,0.098,0.563,0.144,0.937,0.426,0.117,0.107,621100,2627,790,1552,22590,71209,48736,2.12,27.1,4034.306569,11054
Sonora,Tuolumne,76,38,67205,75416,3693593,767,34631,0.001,0.001,0.026,0,0.023,0.142,0.807,0.144,0.098,0.563,0.144,0.937,0.426,0.117,0.107,621100,2627,790,1552,22590,71209,48736,2.12,27.1,4034.306569,11054
South El Monte,Los Angeles,179,39,57487,66761,4131258,200,25482,0.003,0.005,0.133,0,0.017,0.81,0.032,0.818,0.43,0.466,0.826,0.522,0.073,0.268,0.191,363100,1695,315,1155,16808,42460,15312,3.85,31.3,7353.169014,20883
South Gate,Los Angeles,478,235,66067,92996,33331765,350,30687,0.01,0.004,0.005,0.001,0.02,0.931,0.03,0.945,0.431,0.447,0.893,0.534,0.081,0.241,0.203,329000,1801,410,1012,7203,45522,15287,4.05,31.5,13195.85635,95538
South Lake Tahoe,El Dorado,342,146,91699,124462,23203823,1078,34783,0.016,0.002,0.053,0.002,0.025,0.327,0.575,0.345,0.201,0.443,0.326,0.846,0.233,0.191,0.163,343900,1793,486,892,14540,42401,25880,2.52,15.1,2137.5,21717
South Pasadena,Los Angeles,273,130,80422,96119,16157101,622,69271,0.027,0.001,0.29,0.001,0.074,0.194,0.413,0.222,0.271,0.44,0.389,0.959,0.615,0.103,0.091,876900,3160,605,1466,7591,84593,49229,2.54,28.6,7599.120235,25913
South San Francisco,San Mateo,1047,384,103003,147742,71982693,1081,47176,0.021,0.002,0.374,0.019,0.057,0.33,0.197,0.353,0.398,0.603,0.573,0.844,0.325,0.07,0.08,644500,2583,490,1607,17292,85076,34593,3.14,26.9,7328.227571,66980
Stanton,Orange,84,26,61310,82553,3312733,85,35271,0.021,0.01,0.248,0.005,0.034,0.498,0.184,0.529,0.439,0.493,0.679,0.695,0.165,0.204,0.22,322200,1824,515,1282,9932,48332,19360,3.4,28.8,12267.93651,38644
St. Helena,Napa,152,53,86702,115115,7615913,1270,55725,0.016,0,0.014,0.002,0.026,0.271,0.671,0.287,0.206,0.582,0.338,0.862,0.491,0.109,0.118,864900,3087,688,1483,29145,85505,55410,2.33,24.8,1233.266533,6154
Stockton,San Joaquin,1936,1212,83341,119942,175213053,581,36468,0.108,0.007,0.204,0.007,0.083,0.39,0.201,0.505,0.26,0.479,0.461,0.748,0.174,0.14,0.237,191000,1528,418,967,11058,46033,20688,3.15,28.4,4979.276796,307072
Suisun City,Solano,149,67,64413,88623,8230301,283,44510,0.207,0.006,0.189,0.013,0.082,0.237,0.266,0.45,0.225,0.597,0.308,0.884,0.19,0.1,0.148,255800,1769,410,1580,2779,71563,26721,3.25,32.5,7178.832117,29505
Sunnyvale,Santa Clara,1447,736,96070,140023,138496361,925,98999,0.02,0.004,0.428,0.005,0.039,0.176,0.328,0.2,0.464,0.464,0.557,0.913,0.616,0.07,0.07,859100,2944,661,1949,11580,109799,53133,2.68,24,6947.294225,152771
Susanville,Lassen,92,51,65947,86752,5137628,330,39643,0.139,0.027,0.024,0.016,0.026,0.256,0.513,0.422,0.064,0.483,0.248,0.728,0.084,0.077,0.228,161300,1382,389,902,10961,46863,13165,2.27,17.4,1871.752837,14843
Sutter Creek,Amador,24,12,70183,99522,1273606,512,32292,0.139,0.027,0.024,0.016,0.026,0.256,0.513,0.422,0.064,0.483,0.248,0.728,0.084,0.077,0.228,161300,1382,389,902,10961,46863,13165,2.27,17.4,1871.752837,14843
Taft,Kern,197,113,50281,63277,9300906,1018,52188,0.023,0.004,0.038,0,0.087,0.385,0.463,0.412,0.268,0.586,0.392,0.722,0.106,0.16,0.245,150700,1235,419,709,10742,49844,19601,2.76,20.1,620.3176704,9373
Tehachapi,Kern,85,52,66751,87370,5441405,412,38681,0.074,0.012,0.021,0.003,0.025,0.337,0.529,0.423,0.117,0.618,0.283,0.751,0.095,0.093,0.184,180300,1419,336,792,16266,42961,16108,2.71,21.1,1265.957447,12495
Temecula,Riverside,385,138,83948,111565,19770097,181,53725,0.041,0.009,0.103,0.003,0.066,0.253,0.526,0.303,0.164,0.645,0.216,0.917,0.322,0.106,0.067,360500,2128,580,1629,24161,83840,30397,3.3,34.2,3749.718076,113054
Temple City,Los Angeles,130,32,71442,93069,4828029,133,42317,0.006,0.002,0.594,0.003,0.025,0.198,0.172,0.206,0.487,0.644,0.672,0.848,0.368,0.146,0.11,632700,2298,533,1296,8305,63756,27014,3.13,30.9,9068.578554,36365
Thousand Oaks,Ventura,609,329,75872,101209,42573740,331,74716,0.011,0.003,0.094,0.001,0.038,0.18,0.673,0.194,0.189,0.702,0.241,0.927,0.496,0.096,0.065,637100,2736,640,1896,22432,101045,47423,2.76,25.8,2342.140651,128888
Tiburon,Marin,44,34,98237,119958,4662109,508,171131,0.011,0.003,0.094,0.001,0.038,0.18,0.673,0.194,0.189,0.702,0.241,0.927,0.496,0.096,0.065,637100,2736,640,1896,22432,101045,47423,2.76,25.8,2342.140651,128888
Torrance,Los Angeles,2019,1089,89748,111516,174370265,1183,63384,0.025,0.004,0.335,0.005,0.065,0.172,0.394,0.201,0.289,0.55,0.387,0.937,0.471,0.091,0.069,652600,2658,502,1512,25735,80862,39269,2.65,27.8,7187.255859,147195
Tracy,San Joaquin,586,369,99420,136979,59565048,689,51164,0.053,0.003,0.138,0.007,0.094,0.377,0.329,0.433,0.249,0.621,0.412,0.85,0.222,0.097,0.081,332300,2085,551,1542,12302,81022,27092,3.46,42.5,4057.909091,89274
Trinidad,Humboldt,7,6,49401,68851,430073,2057,51250,0.053,0.003,0.138,0.007,0.094,0.377,0.329,0.433,0.249,0.621,0.412,0.85,0.222,0.097,0.081,332300,2085,551,1542,12302,81022,27092,3.46,42.5,4057.909091,89274
Truckee,Nevada,174,88,72841,98123,11735511,723,48916,0.053,0.003,0.138,0.007,0.094,0.377,0.329,0.433,0.249,0.621,0.412,0.85,0.222,0.097,0.081,332300,2085,551,1542,12302,81022,27092,3.46,42.5,4057.909091,89274
Tulare,Tulare,587,286,58502,80999,28937098,469,33218,0.033,0.01,0.022,0.002,0.033,0.565,0.335,0.608,0.203,0.573,0.447,0.718,0.122,0.157,0.222,163100,1335,383,941,13262,47196,18707,3.31,20.3,2999.474439,62779
Tulelake,Siskiyou,23,2,50694,62778,406912,414,25455,0.033,0.01,0.022,0.002,0.033,0.565,0.335,0.608,0.203,0.573,0.447,0.718,0.122,0.157,0.222,163100,1335,383,941,13262,47196,18707,3.31,20.3,2999.474439,62779
Turlock,Stanislaus,714,291,76070,112411,39133588,549,40362,0.023,0.005,0.056,0.002,0.039,0.371,0.504,0.399,0.232,0.521,0.429,0.804,0.229,0.119,0.163,238800,1601,423,966,13718,51555,24582,2.89,23.3,4299.8228,72796
Tustin,Orange,426,246,94817,118696,34091565,429,43558,0.024,0.005,0.22,0.004,0.047,0.408,0.293,0.437,0.356,0.484,0.552,0.847,0.401,0.142,0.139,543200,2462,572,1611,28260,70822,32375,3.05,24.6,7255.866426,80395
Twentynine Palms,San Bernardino,68,29,59399,82277,2881863,111,31646,0.086,0.015,0.037,0.005,0.072,0.224,0.561,0.325,0.05,0.294,0.123,0.896,0.223,0.088,0.216,118400,1183,307,943,2915,40888,20101,2.69,15.4,440.4633074,26049
Ukiah,Mendocino,330,172,72792,103020,19947015,1255,35583,0.009,0.031,0.017,0.008,0.05,0.284,0.602,0.324,0.124,0.431,0.236,0.836,0.222,0.161,0.228,281400,1749,355,961,27778,38686,25736,2.49,15.7,3400.856531,15882
Union City,Alameda,557,201,100365,132670,33537951,456,52423,0.049,0.005,0.509,0.016,0.066,0.209,0.148,0.263,0.446,0.652,0.616,0.892,0.362,0.074,0.079,561200,2599,577,1756,8655,91629,32515,3.52,33.3,3868.618387,75322
Upland,San Bernardino,406,223,95548,138421,34637014,456,45592,0.058,0.004,0.079,0.001,0.044,0.399,0.415,0.461,0.19,0.546,0.339,0.887,0.301,0.119,0.156,444200,2240,525,1253,11727,62369,29988,2.77,30.9,4909.346991,76684
Vacaville,Solano,941,442,98569,152764,81113538,848,50537,0.097,0.006,0.07,0.003,0.082,0.22,0.523,0.323,0.119,0.597,0.193,0.887,0.23,0.078,0.099,322600,2023,484,1416,16893,76188,31040,2.79,26.6,3465.033486,98303
Vallejo,Solano,566,485,103310,154691,83631007,699,44271,0.209,0.004,0.231,0.01,0.07,0.239,0.237,0.452,0.274,0.548,0.37,0.873,0.244,0.134,0.169,254100,1831,427,1250,9742,59600,26828,2.84,34,3954.972286,121299
Ventura,Ventura,1098,519,90241,108781,75623816,693,50842,0.209,0.004,0.231,0.01,0.07,0.239,0.237,0.452,0.274,0.548,0.37,0.873,0.244,0.134,0.169,254100,1831,427,1250,9742,59600,26828,2.84,34,3954.972286,121299
Vernon,Los Angeles,290,215,125883,176945,43412102,429822,20000,0.209,0.004,0.231,0.01,0.07,0.239,0.237,0.452,0.274,0.548,0.37,0.873,0.244,0.134,0.169,254100,1831,427,1250,9742,59600,26828,2.84,34,3954.972286,121299
Victorville,San Bernardino,468,299,60842,79532,29603842,244,35955,0.174,0.009,0.033,0.002,0.054,0.507,0.221,0.69,0.177,0.546,0.345,0.801,0.121,0.149,0.25,158900,1390,402,1154,14217,45895,16498,3.62,34.2,1670.743373,122265
Villa Park,Orange,16,5,85703,107260,622269,105,99044,0.025,0,0.181,0,0.021,0.085,0.688,0.11,0.172,0.945,0.208,0.959,0.558,0.051,0.054,1030800,3944,872,2913,4556,131386,59232,2.95,26.2,2845.192308,5918
Visalia,Tulare,931,530,77264,108988,67394027,523,37792,0.019,0.012,0.057,0.001,0.044,0.473,0.393,0.504,0.142,0.59,0.33,0.818,0.235,0.109,0.221,190500,1477,382,939,14744,52099,23068,3.03,21.2,3615.834483,131074
Vista,San Diego,856,269,75248,99020,32165570,326,34862,0.03,0.004,0.051,0.002,0.035,0.474,0.404,0.508,0.25,0.477,0.404,0.781,0.212,0.185,0.17,392700,2131,528,1331,12698,54203,23463,3.16,24,5442.130621,101659
Walnut,Los Angeles,129,37,72706,89481,4594943,153,56080,0.03,0.003,0.625,0,0.033,0.202,0.107,0.235,0.501,0.84,0.646,0.929,0.511,0.09,0.077,679700,2665,598,2051,7749,97345,36629,3.33,36.5,3342.269188,30047
Walnut Creek,Contra Costa,830,307,97885,136932,49899805,738,87923,0.011,0.002,0.137,0.002,0.039,0.084,0.725,0.097,0.223,0.637,0.249,0.977,0.618,0.072,0.065,647400,2883,844,1721,30029,82848,53849,2.16,32.7,3498.076923,69122
Wasco,Kern,74,45,48680,57925,3984557,152,28455,0.065,0.006,0.007,0.002,0.026,0.785,0.11,0.856,0.28,0.506,0.712,0.528,0.04,0.201,0.295,152300,1158,341,688,3864,39559,10582,3.89,25.8,2799.045599,26395
Waterford,Stanislaus,27,13,65277,89313,1440468,165,40547,0.017,0.004,0.022,0.001,0.058,0.442,0.456,0.463,0.206,0.648,0.386,0.632,0.087,0.15,0.24,168700,1394,434,901,3565,49500,17617,3.61,28.9,3803.004292,8861
Watsonville,Santa Cruz,616,322,76652,100520,42901800,810,28704,0.003,0.011,0.029,0.002,0.018,0.8,0.138,0.814,0.374,0.396,0.757,0.586,0.119,0.178,0.176,361000,1929,441,1285,43047,49487,17398,3.74,23.4,8041.255605,53796
Weed,Siskiyou,46,26,51532,64983,2072181,753,33047,0.003,0.011,0.029,0.002,0.018,0.8,0.138,0.814,0.374,0.396,0.757,0.586,0.119,0.178,0.176,361000,1929,441,1285,43047,49487,17398,3.74,23.4,8041.255605,53796
West Covina,Los Angeles,841,282,118447,174131,50682720,470,41031,0.039,0.006,0.272,0.001,0.04,0.52,0.121,0.565,0.35,0.644,0.577,0.84,0.274,0.139,0.105,430800,2115,464,1449,13741,71217,25437,3.49,34.5,6723.628429,107847
West Hollywood,Los Angeles,339,187,111261,146979,32384809,908,60685,0.043,0.002,0.051,0.001,0.054,0.116,0.732,0.161,0.248,0.205,0.329,0.966,0.649,0.132,0.137,642200,2797,821,1446,33923,61127,60680,1.6,26.7,19416.93122,36698
Westlake Village,Los Angeles,22,9,88017,112786,1707601,202,106822,0.011,0.001,0.082,0,0.044,0.073,0.789,0.085,0.147,0.868,0.138,0.981,0.677,0.034,0.062,819900,3032,766,2354,35900,130272,68453,2.48,27.6,1628.516378,8452
Westminster,Orange,374,199,100399,125772,29404644,320,40309,0.008,0.005,0.472,0.002,0.032,0.236,0.245,0.249,0.451,0.527,0.646,0.768,0.228,0.152,0.179,499400,2213,483,1364,16048,55287,23755,3.35,27.7,9110.945274,91565
Westmorland,Imperial,34,7,60814,68380,875025,434,27826,0.008,0.005,0.472,0.002,0.032,0.236,0.245,0.249,0.451,0.527,0.646,0.768,0.228,0.152,0.179,499400,2213,483,1364,16048,55287,23755,3.35,27.7,9110.945274,91565
West Sacramento,Yolo,750,312,94220,120480,44858739,872,41410,0.039,0.007,0.103,0.01,0.084,0.302,0.456,0.348,0.232,0.543,0.391,0.834,0.266,0.124,0.163,276400,1872,445,907,11062,57023,26414,2.85,23.3,2472.281848,52981
Wheatland,Yuba,37,18,62695,67037,1589606,439,48464,0.039,0.007,0.103,0.01,0.084,0.302,0.456,0.348,0.232,0.543,0.391,0.834,0.266,0.124,0.163,276400,1872,445,907,11062,57023,26414,2.85,23.3,2472.281848,52981
Whittier,Los Angeles,788,255,75789,117467,48936067,564,44198,0.016,0.003,0.048,0.002,0.031,0.664,0.237,0.683,0.181,0.572,0.423,0.841,0.248,0.123,0.118,458500,2285,460,1222,7193,67431,28508,3.08,31.7,5930.580205,86883
Wildomar,Riverside,17,10,77082,103696,1479910,42,40989,0.051,0.009,0.049,0.004,0.031,0.391,0.465,0.451,0.193,0.699,0.33,0.832,0.166,0.14,0.161,266900,1775,445,1405,3329,62976,22707,3.53,37,1521.401435,36042
Williams,Colusa,40,29,62040,86046,2957373,573,31592,0.011,0.003,0.025,0,0.012,0.758,0.191,0.772,0.4,0.654,0.691,0.538,0.084,0.228,0.139,162700,1439,402,1012,7188,55900,23100,3.49,23,954.4117647,5192
Willits,Mendocino,81,37,64716,85425,4276456,882,32473,0.011,0.003,0.025,0,0.012,0.758,0.191,0.772,0.4,0.654,0.691,0.538,0.084,0.228,0.139,162700,1439,402,1012,7188,55900,23100,3.49,23,954.4117647,5192
Willows,Glenn,89,21,61848,82534,2583060,424,27927,0.019,0.036,0.031,0,0.065,0.371,0.478,0.426,0.211,0.387,0.366,0.71,0.109,0.179,0.184,190600,1212,412,747,13625,39038,20670,2.71,17.2,2132.280702,6077
Windsor,Sonoma,195,87,84152,112656,11489139,420,53596,0.019,0.036,0.031,0,0.065,0.371,0.478,0.426,0.211,0.387,0.366,0.71,0.109,0.179,0.184,190600,1212,412,747,13625,39038,20670,2.71,17.2,2132.280702,6077
Winters,Yolo,106,36,86497,113242,4595928,659,40151,0.008,0.009,0.008,0,0.04,0.518,0.418,0.535,0.256,0.656,0.423,0.765,0.25,0.141,0.082,283600,1741,459,998,2545,67229,29549,2.99,29.1,2454.982818,7144
Woodlake,Tulare,42,21,59048,76746,2093366,276,25974,0.005,0.003,0,0.003,0.014,0.853,0.123,0.861,0.293,0.59,0.714,0.559,0.072,0.155,0.332,121300,1066,300,629,2316,34583,12272,3.61,26.7,3388,7623
Woodland,Yolo,545,258,84067,118058,34994783,608,40100,0.013,0.013,0.082,0.003,0.035,0.448,0.407,0.474,0.232,0.549,0.426,0.796,0.252,0.144,0.136,288200,1750,449,1012,12498,56956,25913,2.85,21.5,3860.653595,59068
Woodside,San Mateo,31,16,105579,127813,2342817,426,184297,0.013,0.013,0.082,0.003,0.035,0.448,0.407,0.474,0.232,0.549,0.426,0.796,0.252,0.144,0.136,288200,1750,449,1012,12498,56956,25913,2.85,21.5,3860.653595,59068
Yorba Linda,Orange,241,86,78065,102385,11970302,177,79358,0.011,0.001,0.175,0.001,0.053,0.162,0.597,0.174,0.19,0.824,0.246,0.958,0.52,0.057,0.038,728300,3037,706,1777,8469,119697,48249,3.07,32.1,3502.823409,68235
Yountville,Napa,88,25,71366,101380,3444142,1151,80955,0.011,0.001,0.175,0.001,0.053,0.162,0.597,0.174,0.19,0.824,0.246,0.958,0.52,0.057,0.038,728300,3037,706,1777,8469,119697,48249,3.07,32.1,3502.823409,68235
Yreka,Siskiyou,137,27,64134,78689,3969957,522,33466,0.004,0.06,0.008,0.004,0.07,0.095,0.76,0.159,0.033,0.52,0.048,0.847,0.164,0.093,0.312,149800,1164,411,758,22554,30202,19939,2.27,14.2,761.1222445,7596
Yuba City,Sutter,517,215,86489,122616,33942033,513,36918,0.024,0.007,0.182,0.004,0.063,0.279,0.441,0.31,0.249,0.527,0.404,0.793,0.177,0.156,0.183,210200,1496,468,945,15592,50788,23200,2.96,25.4,4584.705075,66845
Yucaipa,San Bernardino,219,42,64506,85047,5318940,100,47448,0.015,0.004,0.023,0.013,0.031,0.329,0.585,0.348,0.106,0.724,0.217,0.866,0.199,0.122,0.175,241700,1800,455,1031,5195,55700,25313,2.88,28,1911.401936,53309
Yucca Valley,San Bernardino,81,32,58349,79985,3367637,157,36401,0.015,0.004,0.023,0.013,0.031,0.329,0.585,0.348,0.106,0.724,0.217,0.866,0.199,0.122,0.175,241700,1800,455,1031,5195,55700,25313,2.88,28,1911.401936,53309
